,G,Date,Time,Day,School,,Opponent,Conf,Pts,Opp,W,L,Streak,Notes
0,1,Sep 1 2018,3:30 PM,Sat,(3) Georgia,W,Austin Peay,Non-Major,45,0,1,0,W 1,
1,2,Sep 8 2018,3:30 PM,Sat,(3) Georgia,W,(24) South Carolina,SEC,41,17,2,0,W 2,
2,3,Sep 15 2018,12:00 PM,Sat,(3) Georgia,W,Middle Tennessee State,CUSA,49,7,3,0,W 3,
3,4,Sep 22 2018,12:00 PM,Sat,(2) Georgia,W,Missouri,SEC,43,29,4,0,W 4,
4,5,Sep 29 2018,3:30 PM,Sat,(2) Georgia,W,Tennessee,SEC,38,12,5,0,W 5,
5,6,Oct 6 2018,7:30 PM,Sat,(2) Georgia,W,Vanderbilt,SEC,41,13,6,0,W 6,
6,7,Oct 13 2018,3:30 PM,Sat,(2) Georgia,L,(13) LSU,SEC,16,36,6,1,L 1,
7,8,Oct 27 2018,3:30 PM,Sat,(7) Georgia,W,(9) Florida,SEC,36,17,7,1,W 1,
8,9,Nov 3 2018,3:30 PM,Sat,(6) Georgia,W,(11) Kentucky,SEC,34,17,8,1,W 2,
9,10,Nov 10 2018,7:00 PM,Sat,(5) Georgia,W,Auburn,SEC,27,10,9,1,W 3,
10,11,Nov 17 2018,4:00 PM,Sat,(5) Georgia,W,Massachusetts,Ind,66,27,10,1,W 4,
11,12,Nov 24 2018,12:00 PM,Sat,(5) Georgia,W,Georgia Tech,ACC,45,21,11,1,W 5,
12,13,Dec 1 2018,4:00 PM,Sat,(4) Georgia,L,(1) Alabama,SEC,28,35,11,2,L 1,SEC Championship Game
13,14,Jan 1 2019,8:45 PM,Tue,(6) Georgia,L,(14) Texas,Big 12,21,28,11,3,L 2,Sugar Bowl
14,1,Sep 1 2018,7:30 PM,Sat,Florida,W,Charleston Southern,Non-Major,53,6,1,0,W 1,
15,2,Sep 8 2018,7:30 PM,Sat,(25) Florida,L,Kentucky,SEC,16,27,1,1,L 1,
16,3,Sep 15 2018,4:00 PM,Sat,Florida,W,Colorado State,MWC,48,10,2,1,W 1,
17,4,Sep 22 2018,7:00 PM,Sat,Florida,W,Tennessee,SEC,47,21,3,1,W 2,
18,5,Sep 29 2018,6:00 PM,Sat,Florida,W,(23) Mississippi State,SEC,13,6,4,1,W 3,
19,6,Oct 6 2018,3:30 PM,Sat,(20) Florida,W,(5) LSU,SEC,27,19,5,1,W 4,
20,7,Oct 13 2018,12:00 PM,Sat,(14) Florida,W,Vanderbilt,SEC,37,27,6,1,W 5,
21,9,Nov 3 2018,4:00 PM,Sat,(13) Florida,L,Missouri,SEC,17,38,6,3,L 2,
22,10,Nov 10 2018,12:00 PM,Sat,(19) Florida,W,South Carolina,SEC,35,31,7,3,W 1,
23,11,Nov 17 2018,12:00 PM,Sat,(15) Florida,W,Idaho,Non-Major,63,10,8,3,W 2,
24,12,Nov 24 2018,12:00 PM,Sat,(13) Florida,W,Florida State,ACC,41,14,9,3,W 3,
25,13,Dec 29 2018,12:00 PM,Sat,(10) Florida,W,(8) Michigan,Big Ten,41,15,10,3,W 4,Peach Bowl
26,1,Sep 1 2018,3:30 PM,Sat,Kentucky,W,Central Michigan,MAC,35,20,1,0,W 1,
27,3,Sep 15 2018,12:00 PM,Sat,Kentucky,W,Murray State,Non-Major,48,10,3,0,W 3,
28,4,Sep 22 2018,7:00 PM,Sat,Kentucky,W,(14) Mississippi State,SEC,28,7,4,0,W 4,
29,5,Sep 29 2018,7:30 PM,Sat,(17) Kentucky,W,South Carolina,SEC,24,10,5,0,W 5,
30,6,Oct 6 2018,7:00 PM,Sat,(13) Kentucky,L,Texas A&M,SEC,14,20,5,1,L 1,
31,7,Oct 20 2018,7:30 PM,Sat,(14) Kentucky,W,Vanderbilt,SEC,14,7,6,1,W 1,
32,8,Oct 27 2018,4:00 PM,Sat,(12) Kentucky,W,Missouri,SEC,15,14,7,1,W 2,
33,10,Nov 10 2018,3:30 PM,Sat,(12) Kentucky,L,Tennessee,SEC,7,24,7,3,L 2,
34,11,Nov 17 2018,12:00 PM,Sat,(20) Kentucky,W,Middle Tennessee State,CUSA,34,23,8,3,W 1,
35,12,Nov 24 2018,7:00 PM,Sat,(17) Kentucky,W,Louisville,ACC,56,10,9,3,W 2,
36,13,Jan 1 2019,1:00 PM,Tue,(16) Kentucky,W,(13) Penn State,Big Ten,27,24,10,3,W 3,Citrus Bowl
37,1,Sep 1 2018,4:00 PM,Sat,Missouri,W,Tennessee-Martin,Non-Major,51,14,1,0,W 1,
38,2,Sep 8 2018,7:00 PM,Sat,Missouri,W,Wyoming,MWC,40,13,2,0,W 2,
39,3,Sep 15 2018,7:30 PM,Sat,Missouri,W,Purdue,Big Ten,40,37,3,0,W 3,
40,5,Oct 6 2018,12:00 PM,Sat,Missouri,L,South Carolina,SEC,35,37,3,2,L 2,
41,6,Oct 13 2018,7:00 PM,Sat,Missouri,L,(1) Alabama,SEC,10,39,3,3,L 3,
42,7,Oct 20 2018,4:00 PM,Sat,Missouri,W,Memphis,American,65,33,4,3,W 1,
43,10,Nov 10 2018,12:00 PM,Sat,Missouri,W,Vanderbilt,SEC,33,28,6,4,W 2,
44,11,Nov 17 2018,3:30 PM,Sat,Missouri,W,Tennessee,SEC,50,17,7,4,W 3,
45,12,Nov 23 2018,2:30 PM,Fri,Missouri,W,Arkansas,SEC,38,0,8,4,W 4,
46,13,Dec 31 2018,3:45 PM,Mon,(24) Missouri,L,Oklahoma State,Big 12,33,38,8,5,L 1,Liberty Bowl
47,1,Sep 1 2018,12:00 PM,Sat,South Carolina,W,Coastal Carolina,Sun Belt,49,15,1,0,W 1,
48,3,Sep 22 2018,4:00 PM,Sat,South Carolina,W,Vanderbilt,SEC,37,14,2,1,W 1,
49,6,Oct 13 2018,3:30 PM,Sat,South Carolina,L,(22) Texas A&M,SEC,23,26,3,3,L 1,
50,7,Oct 27 2018,7:30 PM,Sat,South Carolina,W,Tennessee,SEC,27,24,4,3,W 1,
51,8,Nov 3 2018,12:00 PM,Sat,South Carolina,W,Ole Miss,SEC,48,44,5,3,W 2,
52,10,Nov 17 2018,7:30 PM,Sat,South Carolina,W,Chattanooga,Non-Major,49,9,6,4,W 1,
53,11,Nov 24 2018,7:00 PM,Sat,South Carolina,L,(2) Clemson,ACC,35,56,6,5,L 1,
54,12,Dec 1 2018,12:00 PM,Sat,South Carolina,W,Akron,MAC,28,3,7,5,W 1,
55,13,Dec 29 2018,12:00 PM,Sat,South Carolina,L,Virginia,ACC,0,28,7,6,L 1,Belk Bowl
56,1,Sep 1 2018,7:30 PM,Sat,Vanderbilt,W,Middle Tennessee State,CUSA,35,7,1,0,W 1,
57,2,Sep 8 2018,12:00 PM,Sat,Vanderbilt,W,Nevada,MWC,41,10,2,0,W 2,
58,3,Sep 15 2018,2:30 PM,Sat,Vanderbilt,L,(8) Notre Dame,Ind,17,22,2,1,L 1,
59,5,Sep 29 2018,4:00 PM,Sat,Vanderbilt,W,Tennessee State,Non-Major,31,27,3,2,W 1,
60,9,Oct 27 2018,12:00 PM,Sat,Vanderbilt,W,Arkansas,SEC,45,31,4,5,W 1,
61,11,Nov 17 2018,7:30 PM,Sat,Vanderbilt,W,Ole Miss,SEC,36,29,5,6,W 1,
62,12,Nov 24 2018,4:00 PM,Sat,Vanderbilt,W,Tennessee,SEC,38,13,6,6,W 2,
63,13,Dec 27 2018,9:00 PM,Thu,Vanderbilt,L,Baylor,Big 12,38,45,6,7,L 1,Texas Bowl
64,1,Sep 1 2018,3:30 PM,Sat,Tennessee,L,(17) West Virginia,Big 12,14,40,0,1,L 1,
65,2,Sep 8 2018,4:00 PM,Sat,Tennessee,W,East Tennessee State,Non-Major,59,3,1,1,W 1,
66,3,Sep 15 2018,12:00 PM,Sat,Tennessee,W,UTEP,CUSA,24,0,2,1,W 2,
67,6,Oct 13 2018,12:00 PM,Sat,Tennessee,W,(21) Auburn,SEC,30,24,3,3,W 1,
68,7,Oct 20 2018,3:30 PM,Sat,Tennessee,L,(1) Alabama,SEC,21,58,3,4,L 1,
69,9,Nov 3 2018,4:00 PM,Sat,Tennessee,W,Charlotte,CUSA,14,3,4,5,W 1,
70,1,Sep 1 2018,8:00 PM,Sat,(1) Alabama,W,Louisville,ACC,51,14,1,0,W 1,
71,2,Sep 8 2018,3:30 PM,Sat,(1) Alabama,W,Arkansas State,Sun Belt,57,7,2,0,W 2,
72,3,Sep 15 2018,7:00 PM,Sat,(1) Alabama,W,Ole Miss,SEC,62,7,3,0,W 3,
73,4,Sep 22 2018,3:30 PM,Sat,(1) Alabama,W,(22) Texas A&M,SEC,45,23,4,0,W 4,
74,5,Sep 29 2018,12:00 PM,Sat,(1) Alabama,W,Louisiana,Sun Belt,56,14,5,0,W 5,
75,6,Oct 6 2018,12:00 PM,Sat,(1) Alabama,W,Arkansas,SEC,65,31,6,0,W 6,
76,9,Nov 3 2018,8:00 PM,Sat,(1) Alabama,W,(4) LSU,SEC,29,0,9,0,W 9,
77,10,Nov 10 2018,3:30 PM,Sat,(1) Alabama,W,(18) Mississippi State,SEC,24,0,10,0,W 10,
78,11,Nov 17 2018,12:00 PM,Sat,(1) Alabama,W,Citadel,Non-Major,50,17,11,0,W 11,
79,12,Nov 24 2018,3:30 PM,Sat,(1) Alabama,W,Auburn,SEC,52,21,12,0,W 12,
80,14,Dec 29 2018,8:00 PM,Sat,(1) Alabama,W,(4) Oklahoma,Big 12,45,34,14,0,W 14,Orange Bowl
81,15,Jan 7 2019,8:00 PM,Mon,(1) Alabama,L,(2) Clemson,ACC,16,44,14,1,L 1,College Football Championship
82,1,Sep 2 2018,7:30 PM,Sun,(25) LSU,W,(8) Miami (FL),ACC,33,17,1,0,W 1,
83,2,Sep 8 2018,7:00 PM,Sat,(11) LSU,W,Southeastern Louisiana,Non-Major,31,0,2,0,W 2,
84,3,Sep 15 2018,3:30 PM,Sat,(12) LSU,W,(7) Auburn,SEC,22,21,3,0,W 3,
85,4,Sep 22 2018,7:00 PM,Sat,(6) LSU,W,Louisiana Tech,CUSA,38,21,4,0,W 4,
86,5,Sep 29 2018,9:00 PM,Sat,(5) LSU,W,Ole Miss,SEC,45,16,5,0,W 5,
87,8,Oct 20 2018,7:00 PM,Sat,(5) LSU,W,(22) Mississippi State,SEC,19,3,7,1,W 2,
88,10,Nov 10 2018,7:30 PM,Sat,(9) LSU,W,Arkansas,SEC,24,17,8,2,W 1,
89,11,Nov 17 2018,7:30 PM,Sat,(10) LSU,W,Rice,CUSA,42,10,9,2,W 2,
90,12,Nov 24 2018,7:30 PM,Sat,(8) LSU,L,Texas A&M,SEC,72,74,9,3,L 1,
91,13,Jan 1 2019,1:00 PM,Tue,(11) LSU,W,(7) UCF,American,40,32,10,3,W 1,Fiesta Bowl
92,1,Aug 30 2018,8:30 PM,Thu,Texas A&M,W,Northwestern State,Non-Major,59,7,1,0,W 1,
93,2,Sep 8 2018,7:00 PM,Sat,Texas A&M,L,(2) Clemson,ACC,26,28,1,1,L 1,
94,3,Sep 15 2018,7:30 PM,Sat,Texas A&M,W,Louisiana-Monroe,Sun Belt,48,10,2,1,W 1,
95,5,Sep 29 2018,12:00 PM,Sat,Texas A&M,W,Arkansas,SEC,24,17,3,2,W 1,
96,8,Oct 27 2018,7:00 PM,Sat,(16) Texas A&M,L,Mississippi State,SEC,13,28,5,3,L 1,
97,9,Nov 3 2018,12:00 PM,Sat,(25) Texas A&M,L,Auburn,SEC,24,28,5,4,L 2,
98,10,Nov 10 2018,12:00 PM,Sat,Texas A&M,W,Ole Miss,SEC,38,24,6,4,W 1,
99,11,Nov 17 2018,7:00 PM,Sat,Texas A&M,W,UAB,CUSA,41,20,7,4,W 2,
100,13,Dec 31 2018,7:30 PM,Mon,(21) Texas A&M,W,North Carolina State,ACC,52,13,9,4,W 4,Gator Bowl
101,1,Sep 1 2018,7:30 PM,Sat,(18) Mississippi State,W,Stephen F. Austin,Non-Major,63,6,1,0,W 1,
102,2,Sep 8 2018,12:00 PM,Sat,(18) Mississippi State,W,Kansas State,Big 12,31,10,2,0,W 2,
103,3,Sep 15 2018,7:30 PM,Sat,(16) Mississippi State,W,Louisiana,Sun Belt,56,10,3,0,W 3,
104,6,Oct 6 2018,7:30 PM,Sat,Mississippi State,W,(8) Auburn,SEC,23,9,4,2,W 1,
105,9,Nov 3 2018,7:30 PM,Sat,(21) Mississippi State,W,Louisiana Tech,CUSA,45,3,6,3,W 2,
106,11,Nov 17 2018,12:00 PM,Sat,(25) Mississippi State,W,Arkansas,SEC,52,6,7,4,W 1,
107,12,Nov 22 2018,7:30 PM,Thu,(22) Mississippi State,W,Ole Miss,SEC,35,3,8,4,W 2,
108,13,Jan 1 2019,12:00 PM,Tue,(18) Mississippi State,L,Iowa,Big Ten,22,27,8,5,L 1,Outback Bowl
109,1,Sep 1 2018,3:30 PM,Sat,(9) Auburn,W,(6) Washington,Pac-12,21,16,1,0,W 1,
110,2,Sep 8 2018,7:30 PM,Sat,(7) Auburn,W,Alabama State,Non-Major,63,9,2,0,W 2,
111,4,Sep 22 2018,7:30 PM,Sat,(9) Auburn,W,Arkansas,SEC,34,3,3,1,W 1,
112,5,Sep 29 2018,4:00 PM,Sat,(10) Auburn,W,Southern Mississippi,CUSA,24,13,4,1,W 2,
113,8,Oct 20 2018,12:00 PM,Sat,Auburn,W,Ole Miss,SEC,31,16,5,3,W 1,
114,11,Nov 17 2018,4:00 PM,Sat,Auburn,W,Liberty,Ind,53,0,7,4,W 1,
115,13,Dec 28 2018,1:30 PM,Fri,Auburn,W,Purdue,Big Ten,63,14,8,5,W 1,Music City Bowl
116,1,Sep 1 2018,12:00 PM,Sat,Ole Miss,W,Texas Tech,Big 12,47,27,1,0,W 1,
117,2,Sep 8 2018,4:00 PM,Sat,Ole Miss,W,Southern Illinois,Non-Major,76,41,2,0,W 2,
118,4,Sep 22 2018,12:00 PM,Sat,Ole Miss,W,Kent State,MAC,38,17,3,1,W 1,
119,6,Oct 6 2018,4:00 PM,Sat,Ole Miss,W,Louisiana-Monroe,Sun Belt,70,21,4,2,W 1,
120,7,Oct 13 2018,7:30 PM,Sat,Ole Miss,W,Arkansas,SEC,37,33,5,2,W 2,
121,1,Sep 1 2018,4:00 PM,Sat,Arkansas,W,Eastern Illinois,Non-Major,55,20,1,0,W 1,
122,2,Sep 8 2018,7:30 PM,Sat,Arkansas,L,Colorado State,MWC,27,34,1,1,L 1,
123,3,Sep 15 2018,4:00 PM,Sat,Arkansas,L,North Texas,CUSA,17,44,1,2,L 2,
124,8,Oct 20 2018,12:00 PM,Sat,Arkansas,W,Tulsa,American,23,0,2,6,W 1,
125,1,Sep 1 2018,12:00 PM,Sat,(7) Oklahoma,W,Florida Atlantic,CUSA,63,14,1,0,W 1,
126,2,Sep 8 2018,1:00 PM,Sat,(6) Oklahoma,W,UCLA,Pac-12,49,21,2,0,W 2,
127,3,Sep 15 2018,12:00 PM,Sat,(5) Oklahoma,W,Iowa State,Big 12,37,27,3,0,W 3,
128,4,Sep 22 2018,7:00 PM,Sat,(5) Oklahoma,W,Army,Ind,28,21,4,0,W 4,
129,5,Sep 29 2018,3:30 PM,Sat,(6) Oklahoma,W,Baylor,Big 12,66,33,5,0,W 5,
130,6,Oct 6 2018,12:00 PM,Sat,(7) Oklahoma,L,(19) Texas,Big 12,45,48,5,1,L 1,
131,7,Oct 20 2018,12:00 PM,Sat,(9) Oklahoma,W,Texas Christian,Big 12,52,27,6,1,W 1,
132,8,Oct 27 2018,3:30 PM,Sat,(8) Oklahoma,W,Kansas State,Big 12,51,14,7,1,W 2,
133,9,Nov 3 2018,8:00 PM,Sat,(7) Oklahoma,W,Texas Tech,Big 12,51,46,8,1,W 3,
134,10,Nov 10 2018,3:30 PM,Sat,(6) Oklahoma,W,Oklahoma State,Big 12,48,47,9,1,W 4,
135,11,Nov 17 2018,7:30 PM,Sat,(6) Oklahoma,W,Kansas,Big 12,55,40,10,1,W 5,
136,12,Nov 23 2018,8:00 PM,Fri,(6) Oklahoma,W,(12) West Virginia,Big 12,59,56,11,1,W 6,
137,13,Dec 1 2018,12:00 PM,Sat,(5) Oklahoma,W,(9) Texas,Big 12,39,27,12,1,W 7,
138,1,Sep 1 2018,12:00 PM,Sat,(23) Texas,L,Maryland,Big Ten,29,34,0,1,L 1,
139,2,Sep 8 2018,8:00 PM,Sat,Texas,W,Tulsa,American,28,21,1,1,W 1,
140,3,Sep 15 2018,8:00 PM,Sat,Texas,W,(22) USC,Pac-12,37,14,2,1,W 2,
141,4,Sep 22 2018,4:30 PM,Sat,Texas,W,(17) Texas Christian,Big 12,31,16,3,1,W 3,
142,5,Sep 29 2018,3:30 PM,Sat,(18) Texas,W,Kansas State,Big 12,19,14,4,1,W 4,
143,7,Oct 13 2018,3:30 PM,Sat,(9) Texas,W,Baylor,Big 12,23,17,6,1,W 6,
144,8,Oct 27 2018,8:00 PM,Sat,(6) Texas,L,Oklahoma State,Big 12,35,38,6,2,L 1,
145,9,Nov 3 2018,3:30 PM,Sat,(15) Texas,L,(12) West Virginia,Big 12,41,42,6,3,L 2,
146,10,Nov 10 2018,7:30 PM,Sat,(15) Texas,W,Texas Tech,Big 12,41,34,7,3,W 1,
147,11,Nov 17 2018,8:00 PM,Sat,(13) Texas,W,(18) Iowa State,Big 12,24,10,8,3,W 2,
148,12,Nov 23 2018,11:05 AM,Fri,(11) Texas,W,Kansas,Big 12,24,17,9,3,W 3,
149,1,Sep 8 2018,5:00 PM,Sat,Iowa State,L,Iowa,Big Ten,3,13,0,1,L 1,
150,3,Sep 22 2018,12:00 PM,Sat,Iowa State,W,Akron,MAC,26,13,1,2,W 1,
151,4,Sep 29 2018,7:00 PM,Sat,Iowa State,L,Texas Christian,Big 12,14,17,1,3,L 1,
152,5,Oct 6 2018,3:30 PM,Sat,Iowa State,W,(25) Oklahoma State,Big 12,48,42,2,3,W 1,
153,6,Oct 13 2018,7:00 PM,Sat,Iowa State,W,(6) West Virginia,Big 12,30,14,3,3,W 2,
154,7,Oct 27 2018,12:00 PM,Sat,Iowa State,W,Texas Tech,Big 12,40,31,4,3,W 3,
155,8,Nov 3 2018,12:00 PM,Sat,Iowa State,W,Kansas,Big 12,27,3,5,3,W 4,
156,9,Nov 10 2018,3:30 PM,Sat,(23) Iowa State,W,Baylor,Big 12,28,14,6,3,W 5,
157,11,Nov 24 2018,7:00 PM,Sat,(25) Iowa State,W,Kansas State,Big 12,42,38,7,4,W 1,
158,12,Dec 1 2018,12:00 PM,Sat,(24) Iowa State,W,Drake,Non-Major,27,24,8,4,W 2,
159,13,Dec 28 2018,9:00 PM,Fri,(25) Iowa State,L,(12) Washington State,Pac-12,26,28,8,5,L 1,Alamo Bowl
160,2,Sep 8 2018,6:00 PM,Sat,(14) West Virginia,W,Youngstown State,Non-Major,52,17,2,0,W 2,
161,3,Sep 22 2018,3:30 PM,Sat,(12) West Virginia,W,Kansas State,Big 12,35,6,3,0,W 3,
162,4,Sep 29 2018,12:00 PM,Sat,(12) West Virginia,W,(25) Texas Tech,Big 12,42,34,4,0,W 4,
163,5,Oct 6 2018,12:00 PM,Sat,(9) West Virginia,W,Kansas,Big 12,38,22,5,0,W 5,
164,7,Oct 25 2018,7:00 PM,Thu,(13) West Virginia,W,Baylor,Big 12,58,14,6,1,W 1,
165,9,Nov 10 2018,12:00 PM,Sat,(7) West Virginia,W,Texas Christian,Big 12,47,10,8,1,W 3,
166,10,Nov 17 2018,3:30 PM,Sat,(7) West Virginia,L,Oklahoma State,Big 12,41,45,8,2,L 1,
167,12,Dec 28 2018,5:15 PM,Fri,(15) West Virginia,L,(17) Syracuse,ACC,18,34,8,4,L 3,Camping World Bowl
168,1,Sep 1 2018,8:00 PM,Sat,Baylor,W,Abilene Christian,Non-Major,55,27,1,0,W 1,
169,2,Sep 8 2018,7:00 PM,Sat,Baylor,W,UTSA,CUSA,37,20,2,0,W 2,
170,3,Sep 15 2018,3:30 PM,Sat,Baylor,L,Duke,ACC,27,40,2,1,L 1,
171,4,Sep 22 2018,3:30 PM,Sat,Baylor,W,Kansas,Big 12,26,7,3,1,W 1,
172,6,Oct 6 2018,3:30 PM,Sat,Baylor,W,Kansas State,Big 12,37,34,4,2,W 1,
173,9,Nov 3 2018,12:00 PM,Sat,Baylor,W,Oklahoma State,Big 12,35,31,5,4,W 1,
174,11,Nov 17 2018,12:00 PM,Sat,Baylor,L,Texas Christian,Big 12,9,16,5,6,L 2,
175,12,Nov 24 2018,,Sat,Baylor,W,Texas Tech,Big 12,35,24,6,6,W 1,
176,1,Sep 1 2018,12:00 PM,Sat,(16) Texas Christian,W,Southern,Non-Major,55,7,1,0,W 1,
177,2,Sep 7 2018,8:00 PM,Fri,(16) Texas Christian,W,SMU,American,42,12,2,0,W 2,
178,3,Sep 15 2018,8:00 PM,Sat,(15) Texas Christian,L,(4) Ohio State,Big Ten,28,40,2,1,L 1,
179,6,Oct 11 2018,7:30 PM,Thu,Texas Christian,L,Texas Tech,Big 12,14,17,3,3,L 1,
180,8,Oct 27 2018,3:00 PM,Sat,Texas Christian,L,Kansas,Big 12,26,27,3,5,L 3,
181,9,Nov 3 2018,3:30 PM,Sat,Texas Christian,W,Kansas State,Big 12,14,13,4,5,W 1,
182,12,Nov 24 2018,8:00 PM,Sat,Texas Christian,W,Oklahoma State,Big 12,31,24,6,6,W 2,
183,13,Dec 26 2018,9:00 PM,Wed,Texas Christian,W,California,Pac-12,10,7,7,6,W 3,Cheez-It Bowl
184,1,Aug 30 2018,8:00 PM,Thu,Oklahoma State,W,Missouri State,Non-Major,58,17,1,0,W 1,
185,2,Sep 8 2018,8:00 PM,Sat,Oklahoma State,W,South Alabama,Sun Belt,55,13,2,0,W 2,
186,3,Sep 15 2018,3:30 PM,Sat,(24) Oklahoma State,W,(17) Boise State,MWC,44,21,3,0,W 3,
187,4,Sep 22 2018,7:00 PM,Sat,(15) Oklahoma State,L,Texas Tech,Big 12,17,41,3,1,L 1,
188,5,Sep 29 2018,12:00 PM,Sat,Oklahoma State,W,Kansas,Big 12,48,28,4,1,W 1,
189,7,Oct 13 2018,12:00 PM,Sat,Oklahoma State,L,Kansas State,Big 12,12,31,4,3,L 2,
190,1,Sep 1 2018,7:00 PM,Sat,Kansas State,W,South Dakota,Non-Major,27,24,1,0,W 1,
191,3,Sep 15 2018,4:00 PM,Sat,Kansas State,W,UTSA,CUSA,41,17,2,1,W 1,
192,10,Nov 10 2018,12:00 PM,Sat,Kansas State,W,Kansas,Big 12,21,17,4,6,W 1,
193,11,Nov 17 2018,3:30 PM,Sat,Kansas State,W,Texas Tech,Big 12,21,6,5,6,W 2,
194,2,Sep 8 2018,4:00 PM,Sat,Texas Tech,W,Lamar,Non-Major,77,0,1,1,W 1,
195,3,Sep 15 2018,4:15 PM,Sat,Texas Tech,W,Houston,American,63,49,2,1,W 2,
196,7,Oct 20 2018,3:30 PM,Sat,Texas Tech,W,Kansas,Big 12,48,16,5,2,W 2,
197,1,Sep 1 2018,7:00 PM,Sat,Kansas,L,Nicholls State,Non-Major,23,26,0,1,L 1,
198,2,Sep 8 2018,3:00 PM,Sat,Kansas,W,Central Michigan,MAC,31,7,1,1,W 1,
199,3,Sep 15 2018,12:00 PM,Sat,Kansas,W,Rutgers,Big Ten,55,14,2,1,W 2,
200,1,Sep 1 2018,12:00 PM,Sat,(5) Ohio State,W,Oregon State,Pac-12,77,31,1,0,W 1,
201,2,Sep 8 2018,3:30 PM,Sat,(4) Ohio State,W,Rutgers,Big Ten,52,3,2,0,W 2,
202,4,Sep 22 2018,3:30 PM,Sat,(4) Ohio State,W,Tulane,American,49,6,4,0,W 4,
203,5,Sep 29 2018,7:30 PM,Sat,(4) Ohio State,W,(9) Penn State,Big Ten,27,26,5,0,W 5,
204,6,Oct 6 2018,4:00 PM,Sat,(3) Ohio State,W,Indiana,Big Ten,49,26,6,0,W 6,
205,7,Oct 13 2018,12:00 PM,Sat,(3) Ohio State,W,Minnesota,Big Ten,30,14,7,0,W 7,
206,8,Oct 20 2018,7:30 PM,Sat,(2) Ohio State,L,Purdue,Big Ten,20,49,7,1,L 1,
207,9,Nov 3 2018,12:00 PM,Sat,(8) Ohio State,W,Nebraska,Big Ten,36,31,8,1,W 1,
208,10,Nov 10 2018,12:00 PM,Sat,(8) Ohio State,W,(24) Michigan State,Big Ten,26,6,9,1,W 2,
209,11,Nov 17 2018,12:00 PM,Sat,(9) Ohio State,W,Maryland,Big Ten,52,51,10,1,W 3,
210,12,Nov 24 2018,12:00 PM,Sat,(10) Ohio State,W,(4) Michigan,Big Ten,62,39,11,1,W 4,
211,13,Dec 1 2018,8:00 PM,Sat,(6) Ohio State,W,(21) Northwestern,Big Ten,45,24,12,1,W 5,Big Ten Championship Game
212,14,Jan 1 2019,5:00 PM,Tue,(5) Ohio State,W,(9) Washington,Pac-12,28,23,13,1,W 6,Rose Bowl
213,1,Sep 1 2018,7:30 PM,Sat,(14) Michigan,L,(12) Notre Dame,Ind,17,24,0,1,L 1,
214,2,Sep 8 2018,12:00 PM,Sat,(21) Michigan,W,Western Michigan,MAC,49,3,1,1,W 1,
215,3,Sep 15 2018,3:30 PM,Sat,(19) Michigan,W,SMU,American,45,20,2,1,W 2,
216,4,Sep 22 2018,12:00 PM,Sat,(19) Michigan,W,Nebraska,Big Ten,56,10,3,1,W 3,
217,5,Sep 29 2018,4:30 PM,Sat,(14) Michigan,W,Northwestern,Big Ten,20,17,4,1,W 4,
218,6,Oct 6 2018,12:00 PM,Sat,(15) Michigan,W,Maryland,Big Ten,42,21,5,1,W 5,
219,7,Oct 13 2018,7:30 PM,Sat,(12) Michigan,W,(15) Wisconsin,Big Ten,38,13,6,1,W 6,
220,8,Oct 20 2018,12:00 PM,Sat,(6) Michigan,W,(24) Michigan State,Big Ten,21,7,7,1,W 7,
221,9,Nov 3 2018,3:45 PM,Sat,(5) Michigan,W,(14) Penn State,Big Ten,42,7,8,1,W 8,
222,10,Nov 10 2018,3:30 PM,Sat,(4) Michigan,W,Rutgers,Big Ten,42,7,9,1,W 9,
223,11,Nov 17 2018,4:00 PM,Sat,(4) Michigan,W,Indiana,Big Ten,31,20,10,1,W 10,
224,1,Sep 1 2018,3:30 PM,Sat,(10) Penn State,W,Appalachian State,Sun Belt,45,38,1,0,W 1,
225,2,Sep 8 2018,8:00 PM,Sat,(13) Penn State,W,Pitt,ACC,51,6,2,0,W 2,
226,3,Sep 15 2018,12:00 PM,Sat,(10) Penn State,W,Kent State,MAC,63,10,3,0,W 3,
227,4,Sep 21 2018,9:00 PM,Fri,(10) Penn State,W,Illinois,Big Ten,63,24,4,0,W 4,
228,6,Oct 13 2018,3:30 PM,Sat,(8) Penn State,L,Michigan State,Big Ten,17,21,4,2,L 2,
229,7,Oct 20 2018,3:30 PM,Sat,(18) Penn State,W,Indiana,Big Ten,33,28,5,2,W 1,
230,8,Oct 27 2018,3:30 PM,Sat,(17) Penn State,W,(18) Iowa,Big Ten,30,24,6,2,W 2,
231,10,Nov 10 2018,12:00 PM,Sat,(21) Penn State,W,Wisconsin,Big Ten,22,10,7,3,W 1,
232,11,Nov 17 2018,12:00 PM,Sat,(16) Penn State,W,Rutgers,Big Ten,20,7,8,3,W 2,
233,12,Nov 24 2018,3:30 PM,Sat,(15) Penn State,W,Maryland,Big Ten,38,3,9,3,W 3,
234,1,Aug 31 2018,7:00 PM,Fri,(11) Michigan State,W,Utah State,MWC,38,31,1,0,W 1,
235,2,Sep 8 2018,10:45 PM,Sat,(15) Michigan State,L,Arizona State,Pac-12,13,16,1,1,L 1,
236,3,Sep 22 2018,7:30 PM,Sat,(24) Michigan State,W,Indiana,Big Ten,35,21,2,1,W 1,
237,4,Sep 29 2018,12:00 PM,Sat,(21) Michigan State,W,Central Michigan,MAC,31,20,3,1,W 2,
238,5,Oct 6 2018,12:00 PM,Sat,(20) Michigan State,L,Northwestern,Big Ten,19,29,3,2,L 1,
239,8,Oct 27 2018,12:00 PM,Sat,Michigan State,W,Purdue,Big Ten,23,13,5,3,W 1,
240,9,Nov 3 2018,12:00 PM,Sat,Michigan State,W,Maryland,Big Ten,24,3,6,3,W 2,
241,11,Nov 17 2018,12:00 PM,Sat,Michigan State,L,Nebraska,Big Ten,6,9,6,5,L 2,
242,12,Nov 24 2018,4:00 PM,Sat,Michigan State,W,Rutgers,Big Ten,14,10,7,5,W 1,
243,13,Dec 31 2018,3:00 PM,Mon,Michigan State,L,Oregon,Pac-12,6,7,7,6,L 1,Redbox Bowl
244,2,Sep 8 2018,6:00 PM,Sat,Maryland,W,Bowling Green State,MAC,45,14,2,0,W 2,
245,3,Sep 15 2018,12:00 PM,Sat,Maryland,L,Temple,American,14,35,2,1,L 1,
246,4,Sep 22 2018,12:00 PM,Sat,Maryland,W,Minnesota,Big Ten,42,13,3,1,W 1,
247,6,Oct 13 2018,12:00 PM,Sat,Maryland,W,Rutgers,Big Ten,34,7,4,2,W 1,
248,7,Oct 20 2018,12:00 PM,Sat,Maryland,L,(19) Iowa,Big Ten,0,23,4,3,L 1,
249,8,Oct 27 2018,3:30 PM,Sat,Maryland,W,Illinois,Big Ten,63,33,5,3,W 1,
250,10,Nov 10 2018,12:00 PM,Sat,Maryland,L,Indiana,Big Ten,32,34,5,5,L 2,
251,1,Sep 1 2018,7:00 PM,Sat,Indiana,W,Florida International,CUSA,38,28,1,0,W 1,
252,2,Sep 8 2018,7:30 PM,Sat,Indiana,W,Virginia,ACC,20,16,2,0,W 2,
253,3,Sep 15 2018,12:00 PM,Sat,Indiana,W,Ball State,MAC,38,10,3,0,W 3,
254,5,Sep 29 2018,12:00 PM,Sat,Indiana,W,Rutgers,Big Ten,24,17,4,1,W 1,
255,7,Oct 13 2018,12:00 PM,Sat,Indiana,L,Iowa,Big Ten,16,42,4,3,L 2,
256,9,Oct 26 2018,8:00 PM,Fri,Indiana,L,Minnesota,Big Ten,31,38,4,5,L 4,
257,12,Nov 24 2018,12:00 PM,Sat,Indiana,L,Purdue,Big Ten,21,28,5,7,L 2,
258,1,Sep 1 2018,12:00 PM,Sat,Rutgers,W,Texas State,Sun Belt,35,7,1,0,W 1,
259,4,Sep 22 2018,12:00 PM,Sat,Rutgers,L,Buffalo,MAC,13,42,1,3,L 3,
260,6,Oct 6 2018,12:00 PM,Sat,Rutgers,L,Illinois,Big Ten,17,38,1,5,L 5,
261,8,Oct 20 2018,12:00 PM,Sat,Rutgers,L,Northwestern,Big Ten,15,18,1,7,L 7,
262,9,Nov 3 2018,12:00 PM,Sat,Rutgers,L,Wisconsin,Big Ten,17,31,1,8,L 8,
263,1,Aug 30 2018,8:00 PM,Thu,Northwestern,W,Purdue,Big Ten,31,27,1,0,W 1,
264,2,Sep 8 2018,12:00 PM,Sat,Northwestern,L,Duke,ACC,7,21,1,1,L 1,
265,3,Sep 15 2018,7:30 PM,Sat,Northwestern,L,Akron,MAC,34,39,1,2,L 2,
266,6,Oct 13 2018,12:00 PM,Sat,Northwestern,W,Nebraska,Big Ten,34,31,3,3,W 2,
267,8,Oct 27 2018,12:00 PM,Sat,Northwestern,W,(20) Wisconsin,Big Ten,31,17,5,3,W 4,
268,9,Nov 3 2018,7:15 PM,Sat,Northwestern,L,(3) Notre Dame,Ind,21,31,5,4,L 1,
269,10,Nov 10 2018,3:30 PM,Sat,Northwestern,W,Iowa,Big Ten,14,10,6,4,W 1,
270,11,Nov 17 2018,12:00 PM,Sat,(24) Northwestern,W,Minnesota,Big Ten,24,14,7,4,W 2,
271,12,Nov 24 2018,3:30 PM,Sat,(20) Northwestern,W,Illinois,Big Ten,24,16,8,4,W 3,
272,14,Dec 31 2018,7:00 PM,Mon,Northwestern,W,(20) Utah,Pac-12,31,20,9,5,W 1,Holiday Bowl
273,1,Sep 1 2018,3:30 PM,Sat,Iowa,W,Northern Illinois,MAC,33,7,1,0,W 1,
274,3,Sep 15 2018,7:30 PM,Sat,Iowa,W,Northern Iowa,Non-Major,38,14,3,0,W 3,
275,4,Sep 22 2018,8:35 PM,Sat,Iowa,L,(18) Wisconsin,Big Ten,17,28,3,1,L 1,
276,5,Oct 6 2018,3:30 PM,Sat,Iowa,W,Minnesota,Big Ten,48,31,4,1,W 1,
277,9,Nov 3 2018,3:30 PM,Sat,(19) Iowa,L,Purdue,Big Ten,36,38,6,3,L 2,
278,11,Nov 17 2018,3:30 PM,Sat,Iowa,W,Illinois,Big Ten,63,0,7,4,W 1,
279,12,Nov 23 2018,12:00 PM,Fri,Iowa,W,Nebraska,Big Ten,31,28,8,4,W 2,
280,1,Aug 31 2018,9:00 PM,Fri,(4) Wisconsin,W,Western Kentucky,CUSA,34,3,1,0,W 1,
281,2,Sep 8 2018,12:00 PM,Sat,(5) Wisconsin,W,New Mexico,MWC,45,14,2,0,W 2,
282,3,Sep 15 2018,3:30 PM,Sat,(6) Wisconsin,L,Brigham Young,Ind,21,24,2,1,L 1,
283,5,Oct 6 2018,7:30 PM,Sat,(16) Wisconsin,W,Nebraska,Big Ten,41,24,4,1,W 2,
284,7,Oct 20 2018,12:00 PM,Sat,(23) Wisconsin,W,Illinois,Big Ten,49,20,5,2,W 1,
285,11,Nov 17 2018,3:30 PM,Sat,Wisconsin,W,Purdue,Big Ten,47,44,7,4,W 1,
286,12,Nov 24 2018,3:30 PM,Sat,Wisconsin,L,Minnesota,Big Ten,15,37,7,5,L 1,
287,13,Dec 27 2018,5:15 PM,Thu,Wisconsin,W,Miami (FL),ACC,35,3,8,5,W 1,Pinstripe Bowl
288,2,Sep 8 2018,12:00 PM,Sat,Purdue,L,Eastern Michigan,MAC,19,20,0,2,L 2,
289,4,Sep 22 2018,12:00 PM,Sat,Purdue,W,(23) Boston College,ACC,30,13,1,3,W 1,
290,5,Sep 29 2018,3:30 PM,Sat,Purdue,W,Nebraska,Big Ten,42,28,2,3,W 2,
291,6,Oct 13 2018,3:30 PM,Sat,Purdue,W,Illinois,Big Ten,46,7,3,3,W 3,
292,10,Nov 10 2018,3:30 PM,Sat,Purdue,L,Minnesota,Big Ten,10,41,5,5,L 1,
293,1,Aug 30 2018,7:00 PM,Thu,Minnesota,W,New Mexico State,Ind,48,10,1,0,W 1,
294,2,Sep 8 2018,7:30 PM,Sat,Minnesota,W,Fresno State,MWC,21,14,2,0,W 2,
295,3,Sep 15 2018,3:30 PM,Sat,Minnesota,W,Miami (OH),MAC,26,3,3,0,W 3,
296,7,Oct 20 2018,3:30 PM,Sat,Minnesota,L,Nebraska,Big Ten,28,53,3,4,L 4,
297,9,Nov 3 2018,3:30 PM,Sat,Minnesota,L,Illinois,Big Ten,31,55,4,5,L 1,
298,13,Dec 26 2018,5:15 PM,Wed,Minnesota,W,Georgia Tech,ACC,34,10,7,6,W 2,Quick Lane Bowl
299,1,Sep 8 2018,3:30 PM,Sat,Nebraska,L,Colorado,Pac-12,28,33,0,1,L 1,
300,2,Sep 15 2018,12:00 PM,Sat,Nebraska,L,Troy,Sun Belt,19,24,0,2,L 2,
301,8,Oct 27 2018,12:00 PM,Sat,Nebraska,W,Bethune-Cookman,Non-Major,45,9,2,6,W 2,
302,10,Nov 10 2018,12:00 PM,Sat,Nebraska,W,Illinois,Big Ten,54,35,3,7,W 1,
303,1,Sep 1 2018,12:00 PM,Sat,Illinois,W,Kent State,MAC,31,24,1,0,W 1,
304,2,Sep 8 2018,7:30 PM,Sat,Illinois,W,Western Illinois,Non-Major,34,14,2,0,W 2,
305,3,Sep 15 2018,3:30 PM,Sat,Illinois,L,South Florida,American,19,25,2,1,L 1,
306,1,Sep 1 2018,12:20 PM,Sat,(2) Clemson,W,Furman,Non-Major,48,7,1,0,W 1,
307,3,Sep 15 2018,12:00 PM,Sat,(2) Clemson,W,Georgia Southern,Sun Belt,38,7,3,0,W 3,
308,4,Sep 22 2018,3:30 PM,Sat,(3) Clemson,W,Georgia Tech,ACC,49,21,4,0,W 4,
309,5,Sep 29 2018,12:00 PM,Sat,(3) Clemson,W,Syracuse,ACC,27,23,5,0,W 5,
310,6,Oct 6 2018,3:30 PM,Sat,(4) Clemson,W,Wake Forest,ACC,63,3,6,0,W 6,
311,7,Oct 20 2018,3:30 PM,Sat,(3) Clemson,W,(16) North Carolina State,ACC,41,7,7,0,W 7,
312,8,Oct 27 2018,12:00 PM,Sat,(2) Clemson,W,Florida State,ACC,59,10,8,0,W 8,
313,9,Nov 3 2018,12:00 PM,Sat,(2) Clemson,W,Louisville,ACC,77,16,9,0,W 9,
314,10,Nov 10 2018,8:00 PM,Sat,(2) Clemson,W,(17) Boston College,ACC,27,7,10,0,W 10,
315,11,Nov 17 2018,7:00 PM,Sat,(2) Clemson,W,Duke,ACC,35,6,11,0,W 11,
316,13,Dec 1 2018,8:00 PM,Sat,(2) Clemson,W,Pitt,ACC,42,10,13,0,W 13,ACC Championship Game
317,14,Dec 29 2018,4:00 PM,Sat,(2) Clemson,W,(3) Notre Dame,Ind,30,3,14,0,W 14,Cotton Bowl
318,1,Aug 31 2018,6:00 PM,Fri,Syracuse,W,Western Michigan,MAC,55,42,1,0,W 1,
319,2,Sep 8 2018,3:30 PM,Sat,Syracuse,W,Wagner,Non-Major,62,10,2,0,W 2,
320,3,Sep 15 2018,12:00 PM,Sat,Syracuse,W,Florida State,ACC,30,7,3,0,W 3,
321,4,Sep 22 2018,4:00 PM,Sat,Syracuse,W,Connecticut,American,51,21,4,0,W 4,
322,6,Oct 6 2018,12:20 PM,Sat,Syracuse,L,Pitt,ACC,37,44,4,2,L 2,
323,7,Oct 20 2018,12:20 PM,Sat,Syracuse,W,North Carolina,ACC,40,37,5,2,W 1,
324,8,Oct 27 2018,7:00 PM,Sat,Syracuse,W,(22) North Carolina State,ACC,51,41,6,2,W 2,
325,9,Nov 3 2018,12:00 PM,Sat,(22) Syracuse,W,Wake Forest,ACC,41,24,7,2,W 3,
326,10,Nov 9 2018,7:00 PM,Fri,(13) Syracuse,W,Louisville,ACC,54,23,8,2,W 4,
327,11,Nov 17 2018,2:30 PM,Sat,(12) Syracuse,L,(3) Notre Dame,Ind,3,36,8,3,L 1,
328,12,Nov 24 2018,12:00 PM,Sat,(19) Syracuse,W,Boston College,ACC,42,21,9,3,W 1,
329,1,Sep 1 2018,12:00 PM,Sat,North Carolina State,W,James Madison,Non-Major,24,13,1,0,W 1,
330,2,Sep 8 2018,12:30 PM,Sat,North Carolina State,W,Georgia State,Sun Belt,41,7,2,0,W 2,
331,3,Sep 22 2018,7:00 PM,Sat,North Carolina State,W,Marshall,CUSA,37,20,3,0,W 3,
332,4,Sep 29 2018,12:20 PM,Sat,North Carolina State,W,Virginia,ACC,35,21,4,0,W 4,
333,5,Oct 6 2018,12:30 PM,Sat,(23) North Carolina State,W,Boston College,ACC,28,23,5,0,W 5,
334,8,Nov 3 2018,3:30 PM,Sat,North Carolina State,W,Florida State,ACC,47,28,6,2,W 1,
335,9,Nov 8 2018,7:30 PM,Thu,(22) North Carolina State,L,Wake Forest,ACC,23,27,6,3,L 1,
336,10,Nov 17 2018,12:20 PM,Sat,North Carolina State,W,Louisville,ACC,52,10,7,3,W 1,
337,11,Nov 24 2018,12:20 PM,Sat,North Carolina State,W,North Carolina,ACC,34,28,8,3,W 2,
338,12,Dec 1 2018,12:00 PM,Sat,North Carolina State,W,East Carolina,American,58,3,9,3,W 3,
339,1,Sep 1 2018,1:00 PM,Sat,Boston College,W,Massachusetts,Ind,55,21,1,0,W 1,
340,2,Sep 8 2018,1:00 PM,Sat,Boston College,W,Holy Cross,Non-Major,62,14,2,0,W 2,
341,3,Sep 13 2018,5:30 PM,Thu,Boston College,W,Wake Forest,ACC,41,34,3,0,W 3,
342,5,Sep 29 2018,12:00 PM,Sat,Boston College,W,Temple,American,45,35,4,1,W 1,
343,7,Oct 13 2018,12:30 PM,Sat,Boston College,W,Louisville,ACC,38,20,5,2,W 1,
344,8,Oct 26 2018,7:00 PM,Fri,Boston College,W,Miami (FL),ACC,27,14,6,2,W 2,
345,9,Nov 3 2018,3:45 PM,Sat,(24) Boston College,W,Virginia Tech,ACC,31,21,7,2,W 3,
346,11,Nov 17 2018,3:30 PM,Sat,(22) Boston College,L,Florida State,ACC,21,22,7,4,L 2,
347,1,Aug 30 2018,8:00 PM,Thu,Wake Forest,W,Tulane,American,23,17,1,0,W 1,
348,2,Sep 8 2018,12:00 PM,Sat,Wake Forest,W,Towson,Non-Major,51,20,2,0,W 2,
349,4,Sep 22 2018,12:00 PM,Sat,Wake Forest,L,(8) Notre Dame,Ind,27,56,2,2,L 2,
350,5,Sep 29 2018,3:30 PM,Sat,Wake Forest,W,Rice,CUSA,56,24,3,2,W 1,
351,7,Oct 20 2018,3:30 PM,Sat,Wake Forest,L,Florida State,ACC,17,38,3,4,L 2,
352,8,Oct 27 2018,12:00 PM,Sat,Wake Forest,W,Louisville,ACC,56,35,4,4,W 1,
353,11,Nov 17 2018,12:00 PM,Sat,Wake Forest,L,Pitt,ACC,13,34,5,6,L 1,
354,12,Nov 24 2018,12:30 PM,Sat,Wake Forest,W,Duke,ACC,59,7,6,6,W 1,
355,13,Dec 22 2018,12:00 PM,Sat,Wake Forest,W,Memphis,American,37,34,7,6,W 2,Birmingham Bowl
356,1,Sep 3 2018,8:00 PM,Mon,(19) Florida State,L,(20) Virginia Tech,ACC,3,24,0,1,L 1,
357,2,Sep 8 2018,7:20 PM,Sat,Florida State,W,Samford,Non-Major,36,26,1,1,W 1,
358,4,Sep 22 2018,3:30 PM,Sat,Florida State,W,Northern Illinois,MAC,37,19,2,2,W 1,
359,5,Sep 29 2018,3:30 PM,Sat,Florida State,W,Louisville,ACC,28,24,3,2,W 2,
360,6,Oct 6 2018,3:30 PM,Sat,Florida State,L,(17) Miami (FL),ACC,27,28,3,3,L 1,
361,10,Nov 10 2018,7:30 PM,Sat,Florida State,L,(3) Notre Dame,Ind,13,42,4,6,L 3,
362,2,Sep 8 2018,7:00 PM,Sat,Louisville,W,Indiana State,Non-Major,31,7,1,1,W 1,
363,3,Sep 15 2018,7:30 PM,Sat,Louisville,W,Western Kentucky,CUSA,20,17,2,1,W 2,
364,4,Sep 22 2018,12:30 PM,Sat,Louisville,L,Virginia,ACC,3,27,2,2,L 1,
365,6,Oct 5 2018,7:00 PM,Fri,Louisville,L,Georgia Tech,ACC,31,66,2,4,L 3,
366,1,Sep 1 2018,3:30 PM,Sat,Pitt,W,Albany,Non-Major,33,7,1,0,W 1,
367,3,Sep 15 2018,12:30 PM,Sat,Pitt,W,Georgia Tech,ACC,24,19,2,1,W 1,
368,4,Sep 22 2018,12:20 PM,Sat,Pitt,L,North Carolina,ACC,35,38,2,2,L 1,
369,5,Sep 29 2018,3:30 PM,Sat,Pitt,L,(13) UCF,American,14,45,2,3,L 2,
370,7,Oct 13 2018,2:30 PM,Sat,Pitt,L,(5) Notre Dame,Ind,14,19,3,4,L 1,
371,8,Oct 27 2018,3:30 PM,Sat,Pitt,W,Duke,ACC,54,45,4,4,W 1,
372,9,Nov 2 2018,7:30 PM,Fri,Pitt,W,(23) Virginia,ACC,23,13,5,4,W 2,
373,10,Nov 10 2018,3:30 PM,Sat,Pitt,W,Virginia Tech,ACC,52,22,6,4,W 3,
374,12,Nov 24 2018,3:30 PM,Sat,(24) Pitt,L,Miami (FL),ACC,3,24,7,5,L 1,
375,14,Dec 31 2018,2:00 PM,Mon,Pitt,L,Stanford,Pac-12,13,14,7,7,L 3,Sun Bowl
376,1,Sep 1 2018,12:30 PM,Sat,Georgia Tech,W,Alcorn State,Non-Major,41,0,1,0,W 1,
377,2,Sep 8 2018,12:00 PM,Sat,Georgia Tech,L,South Florida,American,38,49,1,1,L 1,
378,5,Sep 29 2018,12:00 PM,Sat,Georgia Tech,W,Bowling Green State,MAC,63,17,2,3,W 1,
379,7,Oct 13 2018,12:20 PM,Sat,Georgia Tech,L,Duke,ACC,14,28,3,4,L 1,
380,8,Oct 25 2018,7:30 PM,Thu,Georgia Tech,W,Virginia Tech,ACC,49,28,4,4,W 1,
381,9,Nov 3 2018,12:15 PM,Sat,Georgia Tech,W,North Carolina,ACC,38,28,5,4,W 2,
382,10,Nov 10 2018,7:00 PM,Sat,Georgia Tech,W,Miami (FL),ACC,27,21,6,4,W 3,
383,11,Nov 17 2018,3:30 PM,Sat,Georgia Tech,W,Virginia,ACC,30,27,7,4,W 4,
384,1,Sep 1 2018,6:00 PM,Sat,Virginia,W,Richmond,Non-Major,42,13,1,0,W 1,
385,3,Sep 15 2018,4:30 PM,Sat,Virginia,W,Ohio,MAC,45,31,2,1,W 1,
386,6,Oct 13 2018,7:00 PM,Sat,Virginia,W,(16) Miami (FL),ACC,16,13,4,2,W 1,
387,7,Oct 20 2018,12:30 PM,Sat,Virginia,W,Duke,ACC,28,14,5,2,W 2,
388,8,Oct 27 2018,12:20 PM,Sat,Virginia,W,North Carolina,ACC,31,21,6,2,W 3,
389,10,Nov 10 2018,3:00 PM,Sat,Virginia,W,Liberty,Ind,45,24,7,3,W 1,
390,12,Nov 23 2018,3:30 PM,Fri,Virginia,L,Virginia Tech,ACC,31,34,7,5,L 2,
391,2,Sep 8 2018,6:00 PM,Sat,(22) Miami (FL),W,Savannah State,Non-Major,77,0,1,1,W 1,
392,3,Sep 15 2018,12:00 PM,Sat,(21) Miami (FL),W,Toledo,MAC,49,24,2,1,W 2,
393,4,Sep 22 2018,3:30 PM,Sat,(21) Miami (FL),W,Florida International,CUSA,31,17,3,1,W 3,
394,5,Sep 27 2018,8:00 PM,Thu,(16) Miami (FL),W,North Carolina,ACC,47,10,4,1,W 4,
395,9,Nov 3 2018,7:00 PM,Sat,Miami (FL),L,Duke,ACC,12,20,5,4,L 3,
396,11,Nov 17 2018,3:30 PM,Sat,Miami (FL),W,Virginia Tech,ACC,38,14,6,5,W 1,
397,2,Sep 8 2018,2:00 PM,Sat,(12) Virginia Tech,W,William & Mary,Non-Major,62,17,2,0,W 2,
398,3,Sep 22 2018,3:30 PM,Sat,(13) Virginia Tech,L,Old Dominion,CUSA,35,49,2,1,L 1,
399,4,Sep 29 2018,7:00 PM,Sat,Virginia Tech,W,(22) Duke,ACC,31,14,3,1,W 1,
400,5,Oct 6 2018,8:00 PM,Sat,(24) Virginia Tech,L,(6) Notre Dame,Ind,23,45,3,2,L 1,
401,6,Oct 13 2018,7:00 PM,Sat,Virginia Tech,W,North Carolina,ACC,22,19,4,2,W 1,
402,12,Dec 1 2018,12:00 PM,Sat,Virginia Tech,W,Marshall,CUSA,41,20,6,6,W 2,
403,13,Dec 31 2018,12:00 PM,Mon,Virginia Tech,L,Cincinnati,American,31,35,6,7,L 1,Military Bowl
404,1,Aug 31 2018,7:00 PM,Fri,Duke,W,Army,Ind,34,14,1,0,W 1,
405,4,Sep 22 2018,3:30 PM,Sat,Duke,W,North Carolina Central,Non-Major,55,13,4,0,W 4,
406,10,Nov 10 2018,12:20 PM,Sat,Duke,W,North Carolina,ACC,42,35,7,3,W 2,
407,13,Dec 27 2018,1:30 PM,Thu,Duke,W,Temple,American,56,27,8,5,W 1,Independence Bowl
408,1,Sep 1 2018,4:00 PM,Sat,North Carolina,L,California,Pac-12,17,24,0,1,L 1,
409,2,Sep 8 2018,3:30 PM,Sat,North Carolina,L,East Carolina,American,19,41,0,2,L 2,
410,10,Nov 17 2018,3:00 PM,Sat,North Carolina,W,Western Carolina,Non-Major,49,26,2,8,W 1,
411,2,Sep 8 2018,5:00 PM,Sat,(9) Washington,W,North Dakota,Non-Major,45,3,1,1,W 1,
412,3,Sep 15 2018,10:00 PM,Sat,(10) Washington,W,Utah,Pac-12,21,7,2,1,W 2,
413,4,Sep 22 2018,10:30 PM,Sat,(10) Washington,W,Arizona State,Pac-12,27,20,3,1,W 3,
414,5,Sep 29 2018,8:30 PM,Sat,(11) Washington,W,(20) Brigham Young,Ind,35,7,4,1,W 4,
415,6,Oct 6 2018,7:30 PM,Sat,(10) Washington,W,UCLA,Pac-12,31,24,5,1,W 5,
416,7,Oct 13 2018,3:30 PM,Sat,(7) Washington,L,(17) Oregon,Pac-12,27,30,5,2,L 1,
417,8,Oct 20 2018,3:30 PM,Sat,(15) Washington,W,Colorado,Pac-12,27,13,6,2,W 1,
418,9,Oct 27 2018,6:30 PM,Sat,(15) Washington,L,California,Pac-12,10,12,6,3,L 1,
419,10,Nov 3 2018,9:00 PM,Sat,Washington,W,Stanford,Pac-12,27,23,7,3,W 1,
420,11,Nov 17 2018,4:30 PM,Sat,(17) Washington,W,Oregon State,Pac-12,42,23,8,3,W 2,
421,12,Nov 23 2018,8:30 PM,Fri,(16) Washington,W,(7) Washington State,Pac-12,28,15,9,3,W 3,
422,13,Nov 30 2018,8:00 PM,Fri,(10) Washington,W,(17) Utah,Pac-12,10,3,10,3,W 4,Pac-12 Championship Game
423,1,Sep 1 2018,3:30 PM,Sat,Washington State,W,Wyoming,MWC,41,19,1,0,W 1,
424,2,Sep 8 2018,11:00 PM,Sat,Washington State,W,San Jose State,MWC,31,0,2,0,W 2,
425,3,Sep 15 2018,8:00 PM,Sat,Washington State,W,Eastern Washington,Non-Major,59,24,3,0,W 3,
426,4,Sep 21 2018,10:30 PM,Fri,Washington State,L,USC,Pac-12,36,39,3,1,L 1,
427,5,Sep 29 2018,6:00 PM,Sat,Washington State,W,Utah,Pac-12,28,24,4,1,W 1,
428,6,Oct 6 2018,9:00 PM,Sat,Washington State,W,Oregon State,Pac-12,56,37,5,1,W 2,
429,7,Oct 20 2018,7:30 PM,Sat,(25) Washington State,W,(12) Oregon,Pac-12,34,20,6,1,W 3,
430,8,Oct 27 2018,7:00 PM,Sat,(14) Washington State,W,(24) Stanford,Pac-12,41,38,7,1,W 4,
431,9,Nov 3 2018,10:45 PM,Sat,(10) Washington State,W,California,Pac-12,19,13,8,1,W 5,
432,10,Nov 10 2018,3:30 PM,Sat,(10) Washington State,W,Colorado,Pac-12,31,7,9,1,W 6,
433,11,Nov 17 2018,10:30 PM,Sat,(8) Washington State,W,Arizona,Pac-12,69,28,10,1,W 7,
434,1,Aug 31 2018,9:00 PM,Fri,(13) Stanford,W,San Diego State,MWC,31,10,1,0,W 1,
435,2,Sep 8 2018,8:30 PM,Sat,(10) Stanford,W,(17) USC,Pac-12,17,3,2,0,W 2,
436,3,Sep 15 2018,2:00 PM,Sat,(9) Stanford,W,California-Davis,Non-Major,30,10,3,0,W 3,
437,4,Sep 22 2018,8:00 PM,Sat,(7) Stanford,W,(20) Oregon,Pac-12,38,31,4,0,W 4,
438,5,Sep 29 2018,7:30 PM,Sat,(7) Stanford,L,(8) Notre Dame,Ind,17,38,4,1,L 1,
439,6,Oct 6 2018,10:30 PM,Sat,(14) Stanford,L,Utah,Pac-12,21,40,4,2,L 2,
440,7,Oct 18 2018,9:00 PM,Thu,Stanford,W,Arizona State,Pac-12,20,13,5,2,W 1,
441,10,Nov 10 2018,9:00 PM,Sat,Stanford,W,Oregon State,Pac-12,48,17,6,4,W 1,
442,11,Nov 24 2018,3:00 PM,Sat,Stanford,W,UCLA,Pac-12,49,42,7,4,W 2,
443,12,Dec 1 2018,3:00 PM,Sat,Stanford,W,California,Pac-12,23,13,8,4,W 3,
444,1,Sep 1 2018,8:00 PM,Sat,(24) Oregon,W,Bowling Green State,MAC,58,24,1,0,W 1,
445,2,Sep 8 2018,2:00 PM,Sat,(23) Oregon,W,Portland State,Non-Major,62,14,2,0,W 2,
446,3,Sep 15 2018,5:00 PM,Sat,(20) Oregon,W,San Jose State,MWC,35,22,3,0,W 3,
447,5,Sep 29 2018,10:30 PM,Sat,(19) Oregon,W,(24) California,Pac-12,42,24,4,1,W 1,
448,8,Oct 27 2018,10:30 PM,Sat,(19) Oregon,L,Arizona,Pac-12,15,44,5,3,L 2,
449,9,Nov 3 2018,7:30 PM,Sat,Oregon,W,UCLA,Pac-12,42,21,6,3,W 1,
450,10,Nov 10 2018,5:30 PM,Sat,Oregon,L,Utah,Pac-12,25,32,6,4,L 1,
451,11,Nov 17 2018,10:30 PM,Sat,Oregon,W,Arizona State,Pac-12,31,29,7,4,W 1,
452,12,Nov 23 2018,4:00 PM,Fri,Oregon,W,Oregon State,Pac-12,55,15,8,4,W 2,
453,2,Sep 8 2018,10:15 PM,Sat,California,W,Brigham Young,Ind,21,18,2,0,W 2,
454,3,Sep 15 2018,6:00 PM,Sat,California,W,Idaho State,Non-Major,45,23,3,0,W 3,
455,5,Oct 6 2018,10:00 PM,Sat,California,L,Arizona,Pac-12,17,24,3,2,L 2,
456,6,Oct 13 2018,7:00 PM,Sat,California,L,UCLA,Pac-12,7,37,3,3,L 3,
457,7,Oct 20 2018,4:00 PM,Sat,California,W,Oregon State,Pac-12,49,7,4,3,W 1,
458,10,Nov 10 2018,10:30 PM,Sat,California,W,USC,Pac-12,15,14,6,4,W 1,
459,11,Nov 24 2018,7:00 PM,Sat,California,W,Colorado,Pac-12,33,21,7,4,W 2,
460,2,Sep 8 2018,8:00 PM,Sat,Oregon State,W,Southern Utah,Non-Major,48,25,1,1,W 1,
461,3,Sep 15 2018,7:00 PM,Sat,Oregon State,L,Nevada,MWC,35,37,1,2,L 1,
462,4,Sep 22 2018,4:00 PM,Sat,Oregon State,L,Arizona,Pac-12,14,35,1,3,L 2,
463,5,Sep 29 2018,10:00 PM,Sat,Oregon State,L,Arizona State,Pac-12,24,52,1,4,L 3,
464,8,Oct 27 2018,3:00 PM,Sat,Oregon State,W,Colorado,Pac-12,41,34,2,6,W 1,
465,9,Nov 3 2018,10:00 PM,Sat,Oregon State,L,USC,Pac-12,21,38,2,7,L 1,
466,1,Aug 30 2018,8:00 PM,Thu,Utah,W,Weber State,Non-Major,41,10,1,0,W 1,
467,2,Sep 8 2018,7:30 PM,Sat,Utah,W,Northern Illinois,MAC,17,6,2,0,W 2,
468,6,Oct 12 2018,10:00 PM,Fri,Utah,W,Arizona,Pac-12,42,10,4,2,W 2,
469,7,Oct 20 2018,8:00 PM,Sat,Utah,W,USC,Pac-12,41,28,5,2,W 3,
470,8,Oct 26 2018,10:30 PM,Fri,(23) Utah,W,UCLA,Pac-12,41,10,6,2,W 4,
471,9,Nov 3 2018,4:00 PM,Sat,(16) Utah,L,Arizona State,Pac-12,20,38,6,3,L 1,
472,11,Nov 17 2018,1:30 PM,Sat,(21) Utah,W,Colorado,Pac-12,30,7,8,3,W 2,
473,12,Nov 24 2018,10:00 PM,Sat,(18) Utah,W,Brigham Young,Ind,35,27,9,3,W 3,
474,1,Sep 1 2018,10:30 PM,Sat,Arizona State,W,UTSA,CUSA,49,7,1,0,W 1,
475,3,Sep 15 2018,10:30 PM,Sat,(23) Arizona State,L,San Diego State,MWC,21,28,2,1,L 1,
476,6,Oct 6 2018,4:00 PM,Sat,Arizona State,L,(21) Colorado,Pac-12,21,28,3,3,L 1,
477,8,Oct 27 2018,3:30 PM,Sat,Arizona State,W,USC,Pac-12,38,35,4,4,W 1,
478,10,Nov 10 2018,2:00 PM,Sat,Arizona State,W,UCLA,Pac-12,31,28,6,4,W 3,
479,12,Nov 24 2018,3:30 PM,Sat,Arizona State,W,Arizona,Pac-12,41,40,7,5,W 1,
480,13,Dec 15 2018,3:30 PM,Sat,Arizona State,L,(19) Fresno State,MWC,20,31,7,6,L 1,Las Vegas Bowl
481,1,Sep 1 2018,10:45 PM,Sat,Arizona,L,Brigham Young,Ind,23,28,0,1,L 1,
482,2,Sep 8 2018,12:00 PM,Sat,Arizona,L,Houston,American,18,45,0,2,L 2,
483,3,Sep 15 2018,11:00 PM,Sat,Arizona,W,Southern Utah,Non-Major,62,31,1,2,W 1,
484,5,Sep 29 2018,10:30 PM,Sat,Arizona,L,USC,Pac-12,20,24,2,3,L 1,
485,8,Oct 20 2018,10:30 PM,Sat,Arizona,L,UCLA,Pac-12,30,31,3,5,L 2,
486,10,Nov 2 2018,10:30 PM,Fri,Arizona,W,Colorado,Pac-12,42,34,5,5,W 2,
487,1,Sep 1 2018,4:00 PM,Sat,(15) USC,W,Nevada-Las Vegas,MWC,43,21,1,0,W 1,
488,6,Oct 13 2018,10:30 PM,Sat,USC,W,(19) Colorado,Pac-12,31,20,4,2,W 3,
489,11,Nov 17 2018,3:30 PM,Sat,USC,L,UCLA,Pac-12,27,34,5,6,L 2,
490,12,Nov 24 2018,8:00 PM,Sat,USC,L,(3) Notre Dame,Ind,17,24,5,7,L 3,
491,1,Sep 1 2018,7:00 PM,Sat,UCLA,L,Cincinnati,American,17,26,0,1,L 1,
492,3,Sep 15 2018,10:30 PM,Sat,UCLA,L,Fresno State,MWC,14,38,0,3,L 3,
493,4,Sep 28 2018,9:00 PM,Fri,UCLA,L,Colorado,Pac-12,16,38,0,4,L 4,
494,1,Aug 31 2018,9:30 PM,Fri,Colorado,W,Colorado State,MWC,45,13,1,0,W 1,
495,3,Sep 15 2018,5:00 PM,Sat,Colorado,W,New Hampshire,Non-Major,45,14,3,0,W 3,
496,1,Aug 25 2018,5:30 PM,Sat,Massachusetts,W,Duquesne,Non-Major,63,15,1,0,W 1,
497,3,Sep 8 2018,6:00 PM,Sat,Massachusetts,L,Georgia Southern,Sun Belt,13,34,1,2,L 2,
498,4,Sep 15 2018,7:30 PM,Sat,Massachusetts,L,Florida International,CUSA,24,63,1,3,L 3,
499,5,Sep 22 2018,3:30 PM,Sat,Massachusetts,W,Charlotte,CUSA,49,31,2,3,W 1,
500,6,Sep 29 2018,2:00 PM,Sat,Massachusetts,L,Ohio,MAC,42,58,2,4,L 1,
501,7,Oct 6 2018,3:30 PM,Sat,Massachusetts,L,South Florida,American,42,58,2,5,L 2,
502,8,Oct 20 2018,3:30 PM,Sat,Massachusetts,L,Coastal Carolina,Sun Belt,13,24,2,6,L 3,
503,9,Oct 27 2018,12:00 PM,Sat,Massachusetts,W,Connecticut,American,22,17,3,6,W 1,
504,10,Nov 3 2018,3:30 PM,Sat,Massachusetts,W,Liberty,Ind,62,59,4,6,W 2,
505,11,Nov 10 2018,12:00 PM,Sat,Massachusetts,L,Brigham Young,Ind,16,35,4,7,L 1,
506,1,Aug 25 2018,10:00 PM,Sat,New Mexico State,L,Wyoming,MWC,7,29,0,1,L 1,
507,3,Sep 8 2018,8:00 PM,Sat,New Mexico State,L,Utah State,MWC,13,60,0,3,L 3,
508,4,Sep 15 2018,8:00 PM,Sat,New Mexico State,L,New Mexico,MWC,25,42,0,4,L 4,
509,5,Sep 22 2018,7:30 PM,Sat,New Mexico State,W,UTEP,CUSA,27,20,1,4,W 1,
510,6,Oct 6 2018,8:00 PM,Sat,New Mexico State,W,Liberty,Ind,49,41,2,4,W 2,
511,7,Oct 13 2018,5:00 PM,Sat,New Mexico State,L,Louisiana,Sun Belt,38,66,2,5,L 1,
512,8,Oct 20 2018,6:00 PM,Sat,New Mexico State,L,Georgia Southern,Sun Belt,31,48,2,6,L 2,
513,9,Oct 27 2018,7:00 PM,Sat,New Mexico State,L,Texas State,Sun Belt,20,27,2,7,L 3,
514,10,Nov 3 2018,4:00 PM,Sat,New Mexico State,W,Alcorn State,Non-Major,52,42,3,7,W 1,
515,11,Nov 17 2018,10:15 PM,Sat,New Mexico State,L,Brigham Young,Ind,10,45,3,8,L 1,
516,12,Nov 24 2018,2:00 PM,Sat,New Mexico State,L,Liberty,Ind,21,28,3,9,L 2,
517,1,Sep 1 2018,6:00 PM,Sat,Liberty,W,Old Dominion,CUSA,52,10,1,0,W 1,
518,2,Sep 8 2018,12:00 PM,Sat,Liberty,L,Army,Ind,14,38,1,1,L 1,
519,3,Sep 22 2018,6:00 PM,Sat,Liberty,L,North Texas,CUSA,7,47,1,2,L 2,
520,4,Sep 29 2018,6:00 PM,Sat,Liberty,W,New Mexico,MWC,52,43,2,2,W 1,
521,6,Oct 13 2018,2:00 PM,Sat,Liberty,W,Troy,Sun Belt,22,16,3,3,W 1,
522,7,Oct 20 2018,2:00 PM,Sat,Liberty,W,Idaho State,Non-Major,48,41,4,3,W 2,
523,12,Dec 1 2018,2:00 PM,Sat,Liberty,W,Norfolk State,Non-Major,52,17,6,6,W 2,
524,3,Sep 15 2018,12:00 PM,Sat,Army,W,Hawaii,MWC,28,21,2,1,W 2,
525,5,Sep 29 2018,12:00 PM,Sat,Army,W,Buffalo,MAC,42,13,3,2,W 1,
526,6,Oct 13 2018,3:30 PM,Sat,Army,W,San Jose State,MWC,52,3,4,2,W 2,
527,7,Oct 20 2018,12:00 PM,Sat,Army,W,Miami (OH),MAC,31,30,5,2,W 3,
528,8,Oct 27 2018,12:00 PM,Sat,Army,W,Eastern Michigan,MAC,37,22,6,2,W 4,
529,9,Nov 3 2018,12:00 PM,Sat,Army,W,Air Force,MWC,17,14,7,2,W 5,
530,10,Nov 10 2018,12:00 PM,Sat,Army,W,Lafayette,Non-Major,31,13,8,2,W 6,
531,11,Nov 17 2018,12:00 PM,Sat,Army,W,Colgate,Non-Major,28,14,9,2,W 7,
532,12,Dec 8 2018,3:00 PM,Sat,(22) Army,W,Navy,American,17,10,10,2,W 8,
533,13,Dec 22 2018,3:30 PM,Sat,(22) Army,W,Houston,American,70,14,11,2,W 9,Armed Forces Bowl
534,4,Sep 22 2018,6:00 PM,Sat,(25) Brigham Young,W,McNeese State,Non-Major,30,3,3,1,W 2,
535,6,Oct 5 2018,9:00 PM,Fri,Brigham Young,L,Utah State,MWC,20,45,3,3,L 2,
536,7,Oct 13 2018,10:15 PM,Sat,Brigham Young,W,Hawaii,MWC,49,23,4,3,W 1,
537,8,Oct 27 2018,3:30 PM,Sat,Brigham Young,L,Northern Illinois,MAC,6,7,4,4,L 1,
538,9,Nov 3 2018,10:15 PM,Sat,Brigham Young,L,Boise State,MWC,16,21,4,5,L 2,
539,13,Dec 21 2018,4:00 PM,Fri,Brigham Young,W,Western Michigan,MAC,49,18,7,6,W 1,Famous Idaho Potato Bowl
540,2,Sep 8 2018,3:30 PM,Sat,(8) Notre Dame,W,Ball State,MAC,24,16,2,0,W 2,
541,8,Oct 27 2018,8:00 PM,Sat,(3) Notre Dame,W,Navy,American,44,22,8,0,W 8,
542,1,Aug 30 2018,7:00 PM,Thu,(21) UCF,W,Connecticut,American,56,17,1,0,W 1,
543,2,Sep 8 2018,6:00 PM,Sat,(19) UCF,W,South Carolina State,Non-Major,38,0,2,0,W 2,
544,3,Sep 21 2018,7:00 PM,Fri,(16) UCF,W,Florida Atlantic,CUSA,56,36,3,0,W 3,
545,5,Oct 6 2018,7:00 PM,Sat,(12) UCF,W,SMU,American,48,20,5,0,W 5,
546,6,Oct 13 2018,3:30 PM,Sat,(10) UCF,W,Memphis,American,31,30,6,0,W 6,
547,7,Oct 20 2018,7:00 PM,Sat,(10) UCF,W,East Carolina,American,37,10,7,0,W 7,
548,8,Nov 1 2018,7:30 PM,Thu,(9) UCF,W,Temple,American,52,40,8,0,W 8,
549,9,Nov 10 2018,12:00 PM,Sat,(11) UCF,W,Navy,American,35,24,9,0,W 9,
550,10,Nov 17 2018,8:00 PM,Sat,(11) UCF,W,(19) Cincinnati,American,38,13,10,0,W 10,
551,11,Nov 23 2018,4:15 PM,Fri,(8) UCF,W,South Florida,American,38,10,11,0,W 11,
552,12,Dec 1 2018,3:30 PM,Sat,(7) UCF,W,Memphis,American,56,41,12,0,W 12,American Championship Game
553,1,Sep 1 2018,12:00 PM,Sat,Temple,L,Villanova,Non-Major,17,19,0,1,L 1,
554,2,Sep 8 2018,3:30 PM,Sat,Temple,L,Buffalo,MAC,29,36,0,2,L 2,
555,4,Sep 20 2018,7:30 PM,Thu,Temple,W,Tulsa,American,31,17,2,2,W 2,
556,6,Oct 6 2018,12:00 PM,Sat,Temple,W,East Carolina,American,49,6,3,3,W 1,
557,7,Oct 13 2018,3:30 PM,Sat,Temple,W,Navy,American,24,17,4,3,W 2,
558,8,Oct 20 2018,12:00 PM,Sat,Temple,W,(20) Cincinnati,American,24,17,5,3,W 3,
559,10,Nov 10 2018,7:00 PM,Sat,Temple,W,Houston,American,59,49,6,4,W 1,
560,11,Nov 17 2018,12:00 PM,Sat,Temple,W,South Florida,American,27,17,7,4,W 2,
561,12,Nov 24 2018,3:30 PM,Sat,Temple,W,Connecticut,American,57,7,8,4,W 3,
562,2,Sep 8 2018,8:00 PM,Sat,Cincinnati,W,Miami (OH),MAC,21,0,2,0,W 2,
563,3,Sep 15 2018,7:00 PM,Sat,Cincinnati,W,Alabama A&M,Non-Major,63,7,3,0,W 3,
564,4,Sep 22 2018,12:00 PM,Sat,Cincinnati,W,Ohio,MAC,34,30,4,0,W 4,
565,5,Sep 29 2018,3:30 PM,Sat,Cincinnati,W,Connecticut,American,49,7,5,0,W 5,
566,6,Oct 6 2018,12:00 PM,Sat,Cincinnati,W,Tulane,American,37,21,6,0,W 6,
567,8,Oct 27 2018,3:30 PM,Sat,Cincinnati,W,SMU,American,26,20,7,1,W 1,
568,9,Nov 3 2018,3:30 PM,Sat,Cincinnati,W,Navy,American,42,0,8,1,W 2,
569,10,Nov 10 2018,7:00 PM,Sat,(25) Cincinnati,W,South Florida,American,35,23,9,1,W 3,
570,12,Nov 23 2018,3:30 PM,Fri,Cincinnati,W,East Carolina,American,56,6,10,2,W 1,
571,1,Sep 1 2018,6:00 PM,Sat,South Florida,W,Elon,Non-Major,34,14,1,0,W 1,
572,4,Sep 22 2018,8:00 PM,Sat,South Florida,W,East Carolina,American,20,13,4,0,W 4,
573,6,Oct 12 2018,7:01 PM,Fri,(23) South Florida,W,Tulsa,American,25,24,6,0,W 6,
574,7,Oct 20 2018,7:00 PM,Sat,(21) South Florida,W,Connecticut,American,38,30,7,0,W 7,
575,8,Oct 27 2018,3:30 PM,Sat,(21) South Florida,L,Houston,American,36,57,7,1,L 1,
576,9,Nov 3 2018,3:30 PM,Sat,South Florida,L,Tulane,American,15,41,7,2,L 2,
577,13,Dec 20 2018,8:00 PM,Thu,South Florida,L,Marshall,CUSA,20,38,7,6,L 6,Bad Boy Mowers Gasparilla Bowl
578,1,Sep 2 2018,3:30 PM,Sun,East Carolina,L,North Carolina A&T,Non-Major,23,28,0,1,L 1,
579,4,Sep 29 2018,3:30 PM,Sat,East Carolina,W,Old Dominion,CUSA,37,35,2,2,W 1,
580,6,Oct 13 2018,7:00 PM,Sat,East Carolina,L,Houston,American,20,42,2,4,L 2,
581,8,Nov 3 2018,12:00 PM,Sat,East Carolina,L,Memphis,American,41,59,2,6,L 4,
582,9,Nov 10 2018,4:00 PM,Sat,East Carolina,L,Tulane,American,18,24,2,7,L 5,
583,10,Nov 17 2018,7:00 PM,Sat,East Carolina,W,Connecticut,American,55,21,3,7,W 1,
584,2,Sep 8 2018,10:15 PM,Sat,Connecticut,L,(20) Boise State,MWC,7,62,0,2,L 2,
585,3,Sep 15 2018,12:00 PM,Sat,Connecticut,W,Rhode Island,Non-Major,56,49,1,2,W 1,
586,6,Oct 6 2018,7:00 PM,Sat,Connecticut,L,Memphis,American,14,55,1,5,L 3,
587,9,Nov 3 2018,7:00 PM,Sat,Connecticut,L,Tulsa,American,19,49,1,8,L 6,
588,10,Nov 10 2018,12:00 PM,Sat,Connecticut,L,SMU,American,50,62,1,9,L 7,
589,1,Sep 1 2018,12:00 PM,Sat,Houston,W,Rice,CUSA,45,27,1,0,W 1,
590,4,Sep 22 2018,8:00 PM,Sat,Houston,W,Texas Southern,Non-Major,70,14,3,1,W 1,
591,5,Oct 4 2018,8:00 PM,Thu,Houston,W,Tulsa,American,41,26,4,1,W 2,
592,7,Oct 20 2018,3:30 PM,Sat,Houston,W,Navy,American,49,36,6,1,W 4,
593,9,Nov 3 2018,7:00 PM,Sat,(17) Houston,L,SMU,American,31,45,7,2,L 1,
594,11,Nov 15 2018,8:00 PM,Thu,Houston,W,Tulane,American,48,17,8,3,W 1,
595,12,Nov 23 2018,12:00 PM,Fri,Houston,L,Memphis,American,31,52,8,4,L 1,
596,1,Sep 1 2018,7:00 PM,Sat,Memphis,W,Mercer,Non-Major,66,14,1,0,W 1,
597,2,Sep 8 2018,3:30 PM,Sat,Memphis,L,Navy,American,21,22,1,1,L 1,
598,3,Sep 14 2018,7:00 PM,Fri,Memphis,W,Georgia State,Sun Belt,59,22,2,1,W 1,
599,4,Sep 22 2018,8:00 PM,Sat,Memphis,W,South Alabama,Sun Belt,52,35,3,1,W 2,
600,5,Sep 28 2018,8:00 PM,Fri,Memphis,L,Tulane,American,24,40,3,2,L 1,
601,10,Nov 10 2018,12:00 PM,Sat,Memphis,W,Tulsa,American,47,21,6,4,W 2,
602,11,Nov 16 2018,9:00 PM,Fri,Memphis,W,SMU,American,28,18,7,4,W 3,
603,2,Sep 8 2018,8:00 PM,Sat,Tulane,W,Nicholls State,Non-Major,42,17,1,1,W 1,
604,3,Sep 15 2018,1:00 PM,Sat,Tulane,L,UAB,CUSA,24,31,1,2,L 1,
605,7,Oct 20 2018,3:30 PM,Sat,Tulane,L,SMU,American,23,27,2,5,L 2,
606,8,Oct 27 2018,7:00 PM,Sat,Tulane,W,Tulsa,American,24,17,3,5,W 1,
607,12,Nov 24 2018,12:00 PM,Sat,Tulane,W,Navy,American,29,28,6,6,W 1,
608,13,Dec 15 2018,1:30 PM,Sat,Tulane,W,Louisiana,Sun Belt,41,24,7,6,W 2,AutoNation Cure Bowl
609,1,Sep 1 2018,7:30 PM,Sat,SMU,L,North Texas,CUSA,23,46,0,1,L 1,
610,4,Sep 22 2018,12:00 PM,Sat,SMU,W,Navy,American,31,30,1,3,W 1,
611,5,Sep 29 2018,7:00 PM,Sat,SMU,W,Houston Baptist,Non-Major,63,27,2,3,W 2,
612,12,Nov 24 2018,3:30 PM,Sat,SMU,L,Tulsa,American,24,27,5,7,L 2,
613,1,Sep 1 2018,11:00 PM,Sat,Navy,L,Hawaii,MWC,41,59,0,1,L 1,
614,3,Sep 15 2018,3:30 PM,Sat,Navy,W,Lehigh,Non-Major,51,21,2,1,W 2,
615,5,Oct 6 2018,3:30 PM,Sat,Navy,L,Air Force,MWC,7,35,2,3,L 2,
616,11,Nov 17 2018,3:30 PM,Sat,Navy,W,Tulsa,American,37,29,3,8,W 1,
617,1,Sep 1 2018,7:00 PM,Sat,Tulsa,W,Central Arkansas,Non-Major,38,27,1,0,W 1,
618,3,Sep 15 2018,7:00 PM,Sat,Tulsa,L,Arkansas State,Sun Belt,20,29,1,2,L 2,
619,3,Sep 13 2018,8:00 PM,Thu,Utah State,W,Tennessee Tech,Non-Major,73,12,2,1,W 2,
620,4,Sep 22 2018,10:30 PM,Sat,Utah State,W,Air Force,MWC,42,32,3,1,W 3,
621,6,Oct 13 2018,4:00 PM,Sat,Utah State,W,Nevada-Las Vegas,MWC,59,28,5,1,W 5,
622,7,Oct 20 2018,2:30 PM,Sat,Utah State,W,Wyoming,MWC,24,16,6,1,W 6,
623,8,Oct 27 2018,4:00 PM,Sat,Utah State,W,New Mexico,MWC,61,19,7,1,W 7,
624,9,Nov 3 2018,11:59 PM,Sat,(18) Utah State,W,Hawaii,MWC,56,17,8,1,W 8,
625,10,Nov 10 2018,4:00 PM,Sat,(14) Utah State,W,San Jose State,MWC,62,24,9,1,W 9,
626,11,Nov 17 2018,2:00 PM,Sat,(14) Utah State,W,Colorado State,MWC,29,24,10,1,W 10,
627,12,Nov 24 2018,10:15 PM,Sat,(14) Utah State,L,(21) Boise State,MWC,24,33,10,2,L 1,
628,13,Dec 15 2018,2:00 PM,Sat,Utah State,W,North Texas,CUSA,52,13,11,2,W 1,New Mexico Bowl
629,1,Sep 1 2018,6:00 PM,Sat,(22) Boise State,W,Troy,Sun Belt,56,20,1,0,W 1,
630,4,Sep 29 2018,7:00 PM,Sat,Boise State,W,Wyoming,MWC,34,14,3,1,W 1,
631,5,Oct 6 2018,3:30 PM,Sat,Boise State,L,San Diego State,MWC,13,19,3,2,L 1,
632,6,Oct 13 2018,10:30 PM,Sat,Boise State,W,Nevada,MWC,31,27,4,2,W 1,
633,7,Oct 19 2018,9:00 PM,Fri,Boise State,W,Colorado State,MWC,56,28,5,2,W 2,
634,8,Oct 27 2018,7:00 PM,Sat,Boise State,W,Air Force,MWC,48,38,6,2,W 3,
635,10,Nov 9 2018,10:15 PM,Fri,Boise State,W,(16) Fresno State,MWC,24,17,8,2,W 5,
636,11,Nov 16 2018,9:00 PM,Fri,(23) Boise State,W,New Mexico,MWC,45,14,9,2,W 6,
637,13,Dec 1 2018,7:45 PM,Sat,(19) Boise State,L,(25) Fresno State,MWC,16,19,10,3,L 1,MWC Championship Game
638,4,Sep 15 2018,4:00 PM,Sat,Wyoming,W,Wofford,Non-Major,17,14,2,2,W 1,
639,6,Oct 6 2018,11:59 PM,Sat,Wyoming,L,Hawaii,MWC,13,17,2,4,L 2,
640,7,Oct 13 2018,10:30 PM,Sat,Wyoming,L,Fresno State,MWC,3,27,2,5,L 3,
641,9,Oct 26 2018,10:00 PM,Fri,Wyoming,W,Colorado State,MWC,34,21,3,6,W 1,
642,10,Nov 3 2018,2:00 PM,Sat,Wyoming,W,San Jose State,MWC,24,9,4,6,W 2,
643,11,Nov 17 2018,4:00 PM,Sat,Wyoming,W,Air Force,MWC,35,27,5,6,W 3,
644,12,Nov 24 2018,2:30 PM,Sat,Wyoming,W,New Mexico,MWC,31,3,6,6,W 4,
645,1,Sep 1 2018,2:00 PM,Sat,Air Force,W,Stony Brook,Non-Major,38,0,1,0,W 1,
646,2,Sep 8 2018,2:00 PM,Sat,Air Force,L,Florida Atlantic,CUSA,27,33,1,1,L 1,
647,4,Sep 29 2018,4:00 PM,Sat,Air Force,L,Nevada,MWC,25,28,1,3,L 3,
648,6,Oct 12 2018,9:00 PM,Fri,Air Force,L,San Diego State,MWC,17,21,2,4,L 1,
649,7,Oct 19 2018,10:00 PM,Fri,Air Force,W,Nevada-Las Vegas,MWC,41,35,3,4,W 1,
650,10,Nov 10 2018,3:30 PM,Sat,Air Force,W,New Mexico,MWC,42,24,4,6,W 1,
651,12,Nov 22 2018,3:30 PM,Thu,Air Force,W,Colorado State,MWC,27,19,5,7,W 1,
652,1,Aug 25 2018,7:30 PM,Sat,Colorado State,L,Hawaii,MWC,34,43,0,1,L 1,
653,5,Sep 22 2018,3:00 PM,Sat,Colorado State,L,Illinois State,Non-Major,19,35,1,4,L 2,
654,6,Oct 6 2018,10:30 PM,Sat,Colorado State,W,San Jose State,MWC,42,30,2,4,W 1,
655,7,Oct 13 2018,4:00 PM,Sat,Colorado State,W,New Mexico,MWC,20,18,3,4,W 2,
656,10,Nov 10 2018,10:30 PM,Sat,Colorado State,L,Nevada,MWC,10,49,3,7,L 3,
657,1,Sep 1 2018,8:00 PM,Sat,New Mexico,W,Incarnate Word,Non-Major,62,30,1,0,W 1,
658,5,Oct 6 2018,4:00 PM,Sat,New Mexico,W,Nevada-Las Vegas,MWC,50,14,3,2,W 1,
659,7,Oct 20 2018,7:30 PM,Sat,New Mexico,L,Fresno State,MWC,7,38,3,4,L 2,
660,9,Nov 3 2018,10:15 PM,Sat,New Mexico,L,San Diego State,MWC,23,31,3,6,L 4,
661,1,Sep 1 2018,10:00 PM,Sat,Fresno State,W,Idaho,Non-Major,79,13,1,0,W 1,
662,4,Sep 29 2018,10:30 PM,Sat,Fresno State,W,Toledo,MAC,49,27,3,1,W 2,
663,5,Oct 6 2018,10:30 PM,Sat,Fresno State,W,Nevada,MWC,21,3,4,1,W 3,
664,8,Oct 27 2018,10:30 PM,Sat,Fresno State,W,Hawaii,MWC,50,20,7,1,W 6,
665,9,Nov 3 2018,10:30 PM,Sat,(20) Fresno State,W,Nevada-Las Vegas,MWC,48,3,8,1,W 7,
666,11,Nov 17 2018,10:30 PM,Sat,Fresno State,W,San Diego State,MWC,23,14,9,2,W 1,
667,12,Nov 24 2018,7:00 PM,Sat,Fresno State,W,San Jose State,MWC,31,13,10,2,W 2,
668,1,Aug 31 2018,9:00 PM,Fri,Nevada,W,Portland State,Non-Major,72,19,1,0,W 1,
669,4,Sep 22 2018,12:00 PM,Sat,Nevada,L,Toledo,MAC,44,63,2,2,L 1,
670,8,Oct 20 2018,11:59 PM,Sat,Nevada,W,Hawaii,MWC,40,22,4,4,W 1,
671,9,Oct 27 2018,10:30 PM,Sat,Nevada,W,San Diego State,MWC,28,24,5,4,W 2,
672,11,Nov 17 2018,3:00 PM,Sat,Nevada,W,San Jose State,MWC,21,12,7,4,W 4,
673,12,Nov 24 2018,9:30 PM,Sat,Nevada,L,Nevada-Las Vegas,MWC,29,34,7,5,L 1,
674,13,Dec 29 2018,1:15 PM,Sat,Nevada,W,Arkansas State,Sun Belt,16,13,8,5,W 1,Arizona Bowl
675,3,Sep 8 2018,11:59 PM,Sat,Hawaii,W,Rice,CUSA,43,29,3,0,W 3,
676,5,Sep 22 2018,11:59 PM,Sat,Hawaii,W,Duquesne,Non-Major,42,21,4,1,W 1,
677,6,Sep 29 2018,7:00 PM,Sat,Hawaii,W,San Jose State,MWC,44,41,5,1,W 2,
678,12,Nov 17 2018,11:00 PM,Sat,Hawaii,W,Nevada-Las Vegas,MWC,35,28,7,5,W 1,
679,13,Nov 24 2018,10:30 PM,Sat,Hawaii,W,San Diego State,MWC,31,30,8,5,W 2,
680,14,Dec 22 2018,10:30 PM,Sat,Hawaii,L,Louisiana Tech,CUSA,14,31,8,6,L 1,Hawaii Bowl
681,2,Sep 8 2018,9:00 PM,Sat,San Diego State,W,Sacramento State,Non-Major,28,14,1,1,W 1,
682,4,Sep 22 2018,10:30 PM,Sat,San Diego State,W,Eastern Michigan,MAC,23,20,3,1,W 3,
683,7,Oct 20 2018,10:30 PM,Sat,San Diego State,W,San Jose State,MWC,16,13,6,1,W 6,
684,10,Nov 10 2018,10:30 PM,Sat,San Diego State,L,Nevada-Las Vegas,MWC,24,27,7,3,L 1,
685,13,Dec 19 2018,8:00 PM,Wed,San Diego State,L,Ohio,MAC,0,27,7,6,L 4,Frisco Bowl
686,2,Sep 8 2018,9:00 PM,Sat,Nevada-Las Vegas,W,UTEP,CUSA,52,24,1,1,W 1,
687,3,Sep 15 2018,10:00 PM,Sat,Nevada-Las Vegas,W,Prairie View A&M,Non-Major,46,17,2,1,W 2,
688,4,Sep 22 2018,7:00 PM,Sat,Nevada-Las Vegas,L,Arkansas State,Sun Belt,20,27,2,2,L 1,
689,8,Oct 27 2018,6:30 PM,Sat,Nevada-Las Vegas,L,San Jose State,MWC,37,50,2,6,L 5,
690,1,Aug 30 2018,10:00 PM,Thu,San Jose State,L,California-Davis,Non-Major,38,44,0,1,L 1,
691,2,Sep 8 2018,6:00 PM,Sat,Appalachian State,W,Charlotte,CUSA,45,9,1,1,W 1,
692,3,Sep 22 2018,3:30 PM,Sat,Appalachian State,W,Gardner-Webb,Non-Major,72,7,2,1,W 2,
693,4,Sep 29 2018,3:30 PM,Sat,Appalachian State,W,South Alabama,Sun Belt,52,7,3,1,W 3,
694,5,Oct 9 2018,8:00 PM,Tue,Appalachian State,W,Arkansas State,Sun Belt,35,9,4,1,W 4,
695,6,Oct 20 2018,3:30 PM,Sat,Appalachian State,W,Louisiana,Sun Belt,27,17,5,1,W 5,
696,7,Oct 25 2018,7:30 PM,Thu,(25) Appalachian State,L,Georgia Southern,Sun Belt,14,34,5,2,L 1,
697,8,Nov 3 2018,5:00 PM,Sat,Appalachian State,W,Coastal Carolina,Sun Belt,23,7,6,2,W 1,
698,9,Nov 10 2018,4:00 PM,Sat,Appalachian State,W,Texas State,Sun Belt,38,7,7,2,W 2,
699,10,Nov 17 2018,2:30 PM,Sat,Appalachian State,W,Georgia State,Sun Belt,45,17,8,2,W 3,
700,11,Nov 24 2018,2:30 PM,Sat,Appalachian State,W,Troy,Sun Belt,21,10,9,2,W 4,
701,12,Dec 1 2018,12:00 PM,Sat,Appalachian State,W,Louisiana,Sun Belt,30,19,10,2,W 5,Sun Belt Championship Game
702,13,Dec 15 2018,9:00 PM,Sat,Appalachian State,W,Middle Tennessee State,CUSA,45,13,11,2,W 6,New Orleans Bowl
703,2,Sep 8 2018,7:00 PM,Sat,Troy,W,Florida A&M,Non-Major,59,7,1,1,W 1,
704,4,Sep 22 2018,7:00 PM,Sat,Troy,W,Louisiana-Monroe,Sun Belt,35,27,3,1,W 3,
705,5,Sep 29 2018,3:30 PM,Sat,Troy,W,Coastal Carolina,Sun Belt,45,21,4,1,W 4,
706,6,Oct 4 2018,7:30 PM,Thu,Troy,W,Georgia State,Sun Belt,37,20,5,1,W 5,
707,8,Oct 23 2018,8:00 PM,Tue,Troy,W,South Alabama,Sun Belt,38,17,6,2,W 1,
708,9,Nov 3 2018,3:30 PM,Sat,Troy,W,Louisiana,Sun Belt,26,16,7,2,W 2,
709,10,Nov 10 2018,1:00 PM,Sat,Troy,W,Georgia Southern,Sun Belt,35,21,8,2,W 3,
710,11,Nov 17 2018,3:30 PM,Sat,Troy,W,Texas State,Sun Belt,12,7,9,2,W 4,
711,13,Dec 22 2018,7:00 PM,Sat,Troy,W,Buffalo,MAC,42,32,10,3,W 1,Dollar General Bowl
712,1,Sep 1 2018,6:00 PM,Sat,Georgia Southern,W,South Carolina State,Non-Major,37,6,1,0,W 1,
713,4,Sep 29 2018,6:00 PM,Sat,Georgia Southern,W,Arkansas State,Sun Belt,28,21,3,1,W 1,
714,5,Oct 6 2018,3:30 PM,Sat,Georgia Southern,W,South Alabama,Sun Belt,48,13,4,1,W 2,
715,6,Oct 11 2018,7:30 PM,Thu,Georgia Southern,W,Texas State,Sun Belt,15,13,5,1,W 3,
716,9,Nov 3 2018,3:00 PM,Sat,Georgia Southern,L,Louisiana-Monroe,Sun Belt,25,44,7,2,L 1,
717,11,Nov 17 2018,5:00 PM,Sat,Georgia Southern,W,Coastal Carolina,Sun Belt,41,17,8,3,W 1,
718,12,Nov 24 2018,2:00 PM,Sat,Georgia Southern,W,Georgia State,Sun Belt,35,14,9,3,W 2,
719,13,Dec 15 2018,5:30 PM,Sat,Georgia Southern,W,Eastern Michigan,MAC,23,21,10,3,W 3,Camellia Bowl
720,2,Sep 8 2018,7:00 PM,Sat,Coastal Carolina,W,UAB,CUSA,47,24,1,1,W 1,
721,3,Sep 12 2018,2:00 PM,Wed,Coastal Carolina,W,Campbell,Non-Major,58,21,2,1,W 2,
722,4,Sep 22 2018,7:00 PM,Sat,Coastal Carolina,W,Louisiana,Sun Belt,30,28,3,1,W 3,
723,6,Oct 13 2018,6:00 PM,Sat,Coastal Carolina,L,Louisiana-Monroe,Sun Belt,20,45,3,3,L 2,
724,8,Oct 27 2018,2:00 PM,Sat,Coastal Carolina,W,Georgia State,Sun Belt,37,34,5,3,W 2,
725,10,Nov 10 2018,5:00 PM,Sat,Coastal Carolina,L,Arkansas State,Sun Belt,16,44,5,5,L 2,
726,12,Nov 23 2018,3:00 PM,Fri,Coastal Carolina,L,South Alabama,Sun Belt,28,31,5,7,L 4,
727,1,Aug 30 2018,7:00 PM,Thu,Georgia State,W,Kennesaw State,Non-Major,24,20,1,0,W 1,
728,4,Sep 22 2018,2:00 PM,Sat,Georgia State,L,Western Michigan,MAC,15,34,1,3,L 3,
729,5,Sep 29 2018,2:00 PM,Sat,Georgia State,W,Louisiana-Monroe,Sun Belt,46,14,2,3,W 1,
730,7,Oct 18 2018,7:30 PM,Thu,Georgia State,L,Arkansas State,Sun Belt,35,51,2,5,L 2,
731,9,Nov 3 2018,2:00 PM,Sat,Georgia State,L,Texas State,Sun Belt,31,40,2,7,L 4,
732,10,Nov 10 2018,5:00 PM,Sat,Georgia State,L,Louisiana,Sun Belt,22,36,2,8,L 5,
733,1,Sep 1 2018,7:00 PM,Sat,Arkansas State,W,Southeast Missouri State,Non-Major,48,21,1,0,W 1,
734,8,Oct 27 2018,7:00 PM,Sat,Arkansas State,L,Louisiana,Sun Belt,43,47,4,4,L 1,
735,9,Nov 3 2018,3:00 PM,Sat,Arkansas State,W,South Alabama,Sun Belt,38,14,5,4,W 1,
736,11,Nov 17 2018,3:00 PM,Sat,Arkansas State,W,Louisiana-Monroe,Sun Belt,31,17,7,4,W 3,
737,12,Nov 24 2018,4:00 PM,Sat,Arkansas State,W,Texas State,Sun Belt,33,7,8,4,W 4,
738,1,Sep 1 2018,7:00 PM,Sat,Louisiana,W,Grambling State,Non-Major,49,17,1,0,W 1,
739,5,Oct 6 2018,7:00 PM,Sat,Louisiana,W,Texas State,Sun Belt,42,27,2,3,W 1,
740,11,Nov 17 2018,5:00 PM,Sat,Louisiana,W,South Alabama,Sun Belt,48,38,6,5,W 2,
741,12,Nov 24 2018,3:00 PM,Sat,Louisiana,W,Louisiana-Monroe,Sun Belt,31,28,7,5,W 3,
742,1,Aug 30 2018,8:00 PM,Thu,Louisiana-Monroe,W,Southeastern Louisiana,Non-Major,34,31,1,0,W 1,
743,2,Sep 8 2018,7:00 PM,Sat,Louisiana-Monroe,W,Southern Mississippi,CUSA,21,20,2,0,W 2,
744,8,Oct 20 2018,7:00 PM,Sat,Louisiana-Monroe,W,Texas State,Sun Belt,20,14,4,4,W 2,
745,10,Nov 10 2018,5:00 PM,Sat,Louisiana-Monroe,W,South Alabama,Sun Belt,38,10,6,4,W 4,
746,1,Sep 1 2018,7:00 PM,Sat,South Alabama,L,Louisiana Tech,CUSA,26,30,0,1,L 1,
747,3,Sep 15 2018,7:00 PM,Sat,South Alabama,W,Texas State,Sun Belt,41,31,1,2,W 1,
748,7,Oct 13 2018,5:00 PM,Sat,South Alabama,W,Alabama State,Non-Major,45,7,2,5,W 1,
749,2,Sep 8 2018,7:00 PM,Sat,Texas State,W,Texas Southern,Non-Major,36,20,1,1,W 1,
750,4,Sep 22 2018,7:00 PM,Sat,Texas State,L,UTSA,CUSA,21,25,1,3,L 2,
751,3,Sep 15 2018,6:00 PM,Sat,Buffalo,W,Eastern Michigan,MAC,35,28,3,0,W 3,
752,6,Oct 6 2018,12:00 PM,Sat,Buffalo,W,Central Michigan,MAC,34,24,5,1,W 1,
753,7,Oct 13 2018,12:00 PM,Sat,Buffalo,W,Akron,MAC,24,6,6,1,W 2,
754,8,Oct 20 2018,12:00 PM,Sat,Buffalo,W,Toledo,MAC,31,17,7,1,W 3,
755,9,Oct 30 2018,8:00 PM,Tue,Buffalo,W,Miami (OH),MAC,51,42,8,1,W 4,
756,10,Nov 6 2018,7:30 PM,Tue,Buffalo,W,Kent State,MAC,48,14,9,1,W 5,
757,11,Nov 14 2018,7:00 PM,Wed,Buffalo,L,Ohio,MAC,17,52,9,2,L 1,
758,12,Nov 23 2018,12:00 PM,Fri,Buffalo,W,Bowling Green State,MAC,44,14,10,2,W 1,
759,13,Nov 30 2018,7:00 PM,Fri,Buffalo,L,Northern Illinois,MAC,29,30,10,3,L 1,MAC Championship Game
760,1,Sep 1 2018,2:00 PM,Sat,Ohio,W,Howard,Non-Major,38,32,1,0,W 1,
761,5,Oct 6 2018,3:30 PM,Sat,Ohio,W,Kent State,MAC,27,26,3,2,W 2,
762,6,Oct 13 2018,3:30 PM,Sat,Ohio,L,Northern Illinois,MAC,21,24,3,3,L 1,
763,7,Oct 20 2018,2:00 PM,Sat,Ohio,W,Bowling Green State,MAC,49,14,4,3,W 1,
764,8,Oct 25 2018,7:00 PM,Thu,Ohio,W,Ball State,MAC,52,14,5,3,W 2,
765,9,Nov 1 2018,7:00 PM,Thu,Ohio,W,Western Michigan,MAC,59,14,6,3,W 3,
766,10,Nov 7 2018,7:00 PM,Wed,Ohio,L,Miami (OH),MAC,28,30,6,4,L 1,
767,12,Nov 23 2018,12:00 PM,Fri,Ohio,W,Akron,MAC,49,28,8,4,W 2,
768,1,Sep 1 2018,7:00 PM,Sat,Miami (OH),L,Marshall,CUSA,28,35,0,1,L 1,
769,4,Sep 22 2018,3:00 PM,Sat,Miami (OH),W,Bowling Green State,MAC,38,23,1,3,W 1,
770,5,Sep 29 2018,3:30 PM,Sat,Miami (OH),L,Western Michigan,MAC,39,40,1,4,L 1,
771,6,Oct 6 2018,3:30 PM,Sat,Miami (OH),W,Akron,MAC,41,17,2,4,W 1,
772,7,Oct 13 2018,2:30 PM,Sat,Miami (OH),W,Kent State,MAC,31,6,3,4,W 2,
773,11,Nov 14 2018,8:00 PM,Wed,Miami (OH),W,Northern Illinois,MAC,13,7,5,6,W 2,
774,12,Nov 20 2018,7:00 PM,Tue,Miami (OH),W,Ball State,MAC,42,21,6,6,W 3,
775,1,Sep 8 2018,3:30 PM,Sat,Akron,W,Morgan State,Non-Major,41,7,1,0,W 1,
776,6,Oct 20 2018,3:30 PM,Sat,Akron,W,Kent State,MAC,24,23,3,3,W 1,
777,7,Oct 27 2018,12:00 PM,Sat,Akron,W,Central Michigan,MAC,17,10,4,3,W 2,
778,8,Nov 1 2018,7:00 PM,Thu,Akron,L,Northern Illinois,MAC,26,36,4,4,L 1,
779,9,Nov 10 2018,12:00 PM,Sat,Akron,L,Eastern Michigan,MAC,7,27,4,5,L 2,
780,10,Nov 17 2018,3:30 PM,Sat,Akron,L,Bowling Green State,MAC,6,21,4,6,L 3,
781,3,Sep 15 2018,4:00 PM,Sat,Bowling Green State,W,Eastern Kentucky,Non-Major,42,35,1,2,W 1,
782,6,Oct 6 2018,3:30 PM,Sat,Bowling Green State,L,Toledo,MAC,36,52,1,5,L 3,
783,7,Oct 13 2018,3:00 PM,Sat,Bowling Green State,L,Western Michigan,MAC,35,42,1,6,L 4,
784,9,Oct 30 2018,8:00 PM,Tue,Bowling Green State,L,Kent State,MAC,28,35,1,8,L 6,
785,10,Nov 10 2018,3:00 PM,Sat,Bowling Green State,W,Central Michigan,MAC,24,13,2,8,W 1,
786,2,Sep 8 2018,3:30 PM,Sat,Kent State,W,Howard,Non-Major,54,14,1,1,W 1,
787,5,Sep 29 2018,3:00 PM,Sat,Kent State,L,Ball State,MAC,24,52,1,4,L 3,
788,11,Nov 15 2018,6:00 PM,Thu,Kent State,L,Toledo,MAC,34,56,2,9,L 2,
789,12,Nov 23 2018,12:00 PM,Fri,Kent State,L,Eastern Michigan,MAC,20,28,2,10,L 3,
790,3,Sep 15 2018,3:30 PM,Sat,Northern Illinois,W,Central Michigan,MAC,24,16,1,2,W 1,
791,5,Sep 29 2018,6:00 PM,Sat,Northern Illinois,W,Eastern Michigan,MAC,26,23,2,3,W 1,
792,6,Oct 6 2018,3:00 PM,Sat,Northern Illinois,W,Ball State,MAC,24,16,3,3,W 2,
793,10,Nov 7 2018,8:00 PM,Wed,Northern Illinois,W,Toledo,MAC,38,15,7,3,W 6,
794,12,Nov 20 2018,7:00 PM,Tue,Northern Illinois,L,Western Michigan,MAC,21,28,7,5,L 2,
795,14,Dec 18 2018,7:00 PM,Tue,Northern Illinois,L,UAB,CUSA,13,37,8,6,L 1,Boca Raton Bowl
796,1,Aug 31 2018,6:30 PM,Fri,Eastern Michigan,W,Monmouth,Non-Major,51,17,1,0,W 1,
797,6,Oct 6 2018,12:00 PM,Sat,Eastern Michigan,L,Western Michigan,MAC,24,27,2,4,L 4,
798,7,Oct 13 2018,12:00 PM,Sat,Eastern Michigan,W,Toledo,MAC,28,26,3,4,W 1,
799,8,Oct 20 2018,3:00 PM,Sat,Eastern Michigan,W,Ball State,MAC,42,20,4,4,W 2,
800,10,Nov 3 2018,12:00 PM,Sat,Eastern Michigan,W,Central Michigan,MAC,17,7,5,5,W 1,
801,1,Sep 1 2018,7:00 PM,Sat,Toledo,W,Virginia Military Institute,Non-Major,66,3,1,0,W 1,
802,8,Oct 25 2018,7:00 PM,Thu,Toledo,W,Western Michigan,MAC,51,24,4,4,W 1,
803,9,Oct 31 2018,7:30 PM,Wed,Toledo,W,Ball State,MAC,45,13,5,4,W 2,
804,12,Nov 23 2018,12:00 PM,Fri,Toledo,W,Central Michigan,MAC,51,13,7,5,W 2,
805,13,Dec 21 2018,12:30 PM,Fri,Toledo,L,Florida International,CUSA,32,35,7,6,L 1,Bahamas Bowl
806,3,Sep 15 2018,7:00 PM,Sat,Western Michigan,W,Delaware State,Non-Major,68,0,1,2,W 1,
807,8,Oct 20 2018,3:00 PM,Sat,Western Michigan,W,Central Michigan,MAC,35,10,6,2,W 6,
808,11,Nov 13 2018,6:00 PM,Tue,Western Michigan,L,Ball State,MAC,41,42,6,5,L 3,
809,1,Aug 30 2018,7:00 PM,Thu,Ball State,W,Central Connecticut State,Non-Major,42,6,1,0,W 1,
810,4,Sep 22 2018,3:00 PM,Sat,Ball State,L,Western Kentucky,CUSA,20,28,1,3,L 3,
811,7,Oct 13 2018,3:00 PM,Sat,Ball State,W,Central Michigan,MAC,24,23,3,4,W 1,
812,4,Sep 22 2018,3:00 PM,Sat,Central Michigan,W,Maine,Non-Major,17,5,1,3,W 1,
813,2,Sep 8 2018,7:00 PM,Sat,Middle Tennessee State,W,Tennessee-Martin,Non-Major,61,37,1,1,W 1,
814,4,Sep 29 2018,7:00 PM,Sat,Middle Tennessee State,W,Florida Atlantic,CUSA,25,24,2,2,W 1,
815,5,Oct 5 2018,7:30 PM,Fri,Middle Tennessee State,W,Marshall,CUSA,34,24,3,2,W 2,
816,6,Oct 13 2018,7:30 PM,Sat,Middle Tennessee State,L,Florida International,CUSA,21,24,3,3,L 1,
817,7,Oct 20 2018,3:00 PM,Sat,Middle Tennessee State,W,Charlotte,CUSA,21,13,4,3,W 1,
818,8,Oct 27 2018,3:30 PM,Sat,Middle Tennessee State,W,Old Dominion,CUSA,51,17,5,3,W 2,
819,9,Nov 2 2018,8:00 PM,Fri,Middle Tennessee State,W,Western Kentucky,CUSA,29,10,6,3,W 3,
820,10,Nov 10 2018,3:00 PM,Sat,Middle Tennessee State,W,UTEP,CUSA,48,32,7,3,W 4,
821,12,Nov 24 2018,3:00 PM,Sat,Middle Tennessee State,W,UAB,CUSA,27,3,8,4,W 1,
822,13,Dec 1 2018,1:30 PM,Sat,Middle Tennessee State,L,UAB,CUSA,25,27,8,5,L 1,CUSA Championship Game
823,2,Sep 8 2018,7:30 PM,Sat,Florida International,W,Old Dominion,CUSA,28,20,1,1,W 1,
824,5,Sep 29 2018,7:30 PM,Sat,Florida International,W,Arkansas-Pine Bluff,Non-Major,55,9,3,2,W 1,
825,7,Oct 20 2018,7:30 PM,Sat,Florida International,W,Rice,CUSA,36,17,5,2,W 3,
826,8,Oct 27 2018,7:30 PM,Sat,Florida International,W,Western Kentucky,CUSA,38,17,6,2,W 4,
827,9,Nov 3 2018,7:30 PM,Sat,Florida International,L,Florida Atlantic,CUSA,14,49,6,3,L 1,
828,10,Nov 10 2018,7:00 PM,Sat,Florida International,W,UTSA,CUSA,45,7,7,3,W 1,
829,11,Nov 17 2018,2:00 PM,Sat,Florida International,W,Charlotte,CUSA,42,35,8,3,W 2,
830,12,Nov 24 2018,12:00 PM,Sat,Florida International,L,Marshall,CUSA,25,28,8,4,L 1,
831,2,Sep 8 2018,6:30 PM,Sat,Marshall,W,Eastern Kentucky,Non-Major,32,16,2,0,W 2,
832,4,Sep 29 2018,7:30 PM,Sat,Marshall,W,Western Kentucky,CUSA,20,17,3,1,W 1,
833,6,Oct 13 2018,3:30 PM,Sat,Marshall,W,Old Dominion,CUSA,42,20,4,2,W 1,
834,7,Oct 20 2018,2:30 PM,Sat,Marshall,W,Florida Atlantic,CUSA,31,7,5,2,W 2,
835,8,Nov 3 2018,3:00 PM,Sat,Marshall,L,Southern Mississippi,CUSA,24,26,5,3,L 1,
836,9,Nov 10 2018,2:30 PM,Sat,Marshall,W,Charlotte,CUSA,30,13,6,3,W 1,
837,10,Nov 17 2018,2:30 PM,Sat,Marshall,W,UTSA,CUSA,23,0,7,3,W 2,
838,1,Sep 1 2018,6:00 PM,Sat,Charlotte,W,Fordham,Non-Major,34,10,1,0,W 1,
839,3,Sep 13 2018,4:00 PM,Thu,Charlotte,W,Old Dominion,CUSA,28,25,2,1,W 1,
840,5,Sep 29 2018,7:00 PM,Sat,Charlotte,L,UAB,CUSA,7,28,2,3,L 2,
841,6,Oct 13 2018,3:30 PM,Sat,Charlotte,W,Western Kentucky,CUSA,40,14,3,3,W 1,
842,8,Oct 27 2018,2:00 PM,Sat,Charlotte,W,Southern Mississippi,CUSA,20,17,4,4,W 1,
843,12,Nov 24 2018,6:00 PM,Sat,Charlotte,W,Florida Atlantic,CUSA,27,24,5,7,W 1,
844,3,Sep 15 2018,6:00 PM,Sat,Florida Atlantic,W,Bethune-Cookman,Non-Major,49,28,2,1,W 2,
845,6,Oct 6 2018,5:00 PM,Sat,Florida Atlantic,W,Old Dominion,CUSA,52,33,3,3,W 1,
846,8,Oct 26 2018,6:30 PM,Fri,Florida Atlantic,L,Louisiana Tech,CUSA,13,21,3,5,L 2,
847,10,Nov 10 2018,5:00 PM,Sat,Florida Atlantic,W,Western Kentucky,CUSA,34,15,5,5,W 2,
848,11,Nov 15 2018,9:30 PM,Thu,Florida Atlantic,L,North Texas,CUSA,38,41,5,6,L 1,
849,8,Oct 20 2018,7:30 PM,Sat,Old Dominion,W,Western Kentucky,CUSA,37,34,2,6,W 1,
850,10,Nov 10 2018,3:30 PM,Sat,Old Dominion,W,North Texas,CUSA,34,31,3,7,W 1,
851,11,Nov 17 2018,2:00 PM,Sat,Old Dominion,W,Virginia Military Institute,Non-Major,77,14,4,7,W 2,
852,12,Nov 24 2018,1:00 PM,Sat,Old Dominion,L,Rice,CUSA,13,27,4,8,L 1,
853,2,Sep 8 2018,7:30 PM,Sat,Western Kentucky,L,Maine,Non-Major,28,31,0,2,L 2,
854,11,Nov 17 2018,7:30 PM,Sat,Western Kentucky,W,UTEP,CUSA,40,16,2,9,W 1,
855,12,Nov 24 2018,12:00 PM,Sat,Western Kentucky,W,Louisiana Tech,CUSA,30,15,3,9,W 2,
856,1,Aug 30 2018,8:00 PM,Thu,UAB,W,Savannah State,Non-Major,52,0,1,0,W 1,
857,5,Oct 6 2018,7:00 PM,Sat,UAB,W,Louisiana Tech,CUSA,28,7,4,1,W 3,
858,6,Oct 13 2018,1:00 PM,Sat,UAB,W,Rice,CUSA,42,0,5,1,W 4,
859,7,Oct 20 2018,7:30 PM,Sat,UAB,W,North Texas,CUSA,29,21,6,1,W 5,
860,8,Oct 27 2018,7:30 PM,Sat,UAB,W,UTEP,CUSA,19,0,7,1,W 6,
861,9,Nov 3 2018,7:30 PM,Sat,UAB,W,UTSA,CUSA,52,3,8,1,W 7,
862,10,Nov 10 2018,7:30 PM,Sat,UAB,W,Southern Mississippi,CUSA,26,23,9,1,W 8,
863,2,Sep 8 2018,7:00 PM,Sat,Louisiana Tech,W,Southern,Non-Major,54,17,2,0,W 2,
864,4,Sep 29 2018,7:30 PM,Sat,Louisiana Tech,W,North Texas,CUSA,29,27,3,1,W 1,
865,6,Oct 13 2018,7:00 PM,Sat,Louisiana Tech,W,UTSA,CUSA,31,3,4,2,W 1,
866,7,Oct 20 2018,3:30 PM,Sat,Louisiana Tech,W,UTEP,CUSA,31,24,5,2,W 2,
867,10,Nov 10 2018,7:00 PM,Sat,Louisiana Tech,W,Rice,CUSA,28,13,7,3,W 1,
868,11,Nov 17 2018,3:30 PM,Sat,Louisiana Tech,L,Southern Mississippi,CUSA,20,21,7,4,L 1,
869,2,Sep 8 2018,7:30 PM,Sat,North Texas,W,Incarnate Word,Non-Major,58,16,2,0,W 2,
870,6,Oct 6 2018,7:30 PM,Sat,North Texas,W,UTEP,CUSA,27,24,5,1,W 1,
871,7,Oct 13 2018,2:00 PM,Sat,North Texas,W,Southern Mississippi,CUSA,30,7,6,1,W 2,
872,9,Oct 27 2018,4:00 PM,Sat,North Texas,W,Rice,CUSA,41,17,7,2,W 1,
873,12,Nov 24 2018,7:00 PM,Sat,North Texas,W,UTSA,CUSA,24,21,9,3,W 2,
874,1,Sep 1 2018,7:00 PM,Sat,Southern Mississippi,W,Jackson State,Non-Major,55,7,1,0,W 1,
875,3,Sep 22 2018,7:00 PM,Sat,Southern Mississippi,W,Rice,CUSA,40,22,2,1,W 1,
876,6,Oct 20 2018,7:00 PM,Sat,Southern Mississippi,W,UTSA,CUSA,27,17,3,3,W 1,
877,11,Nov 24 2018,3:00 PM,Sat,Southern Mississippi,W,UTEP,CUSA,39,7,6,5,W 2,
878,5,Sep 29 2018,7:00 PM,Sat,UTSA,W,UTEP,CUSA,30,21,2,3,W 2,
879,6,Oct 6 2018,7:00 PM,Sat,UTSA,W,Rice,CUSA,20,3,3,3,W 3,
880,1,Aug 25 2018,7:00 PM,Sat,Rice,W,Prairie View A&M,Non-Major,31,28,1,0,W 1,
881,10,Nov 3 2018,3:30 PM,Sat,Rice,L,UTEP,CUSA,26,34,1,9,L 9,
882,1,Sep 1 2018,7:30 PM,Sat,UTEP,L,Northern Arizona,Non-Major,10,30,0,1,L 1,
